code,計算書,別表,テーブル,L0,区分,L1,活動・部,L2,大区分,L3,中区分,L3.5,内訳グループ,L4,小区分,階層種別,正規名,is_amount,is_total,is_optional
CF-01-01-01-01-00-01,CF,別表第一_資金収支計算書,0,01,収入,01,事業活動による収支,01,介護保険事業収入,01,施設介護料収入,00,,01,介護報酬収入,小区分,介護報酬収入,1,0,0
CF-01-01-01-01-00-02,CF,別表第一_資金収支計算書,0,01,収入,01,事業活動による収支,01,介護保険事業収入,01,施設介護料収入,00,,02,利用者負担金収入（公費）,小区分,利用者負担金収入（公費）,1,0,0
CF-01-01-01-01-00-03,CF,別表第一_資金収支計算書,0,01,収入,01,事業活動による収支,01,介護保険事業収入,01,施設介護料収入,00,,03,利用者負担金収入（一般）,小区分,利用者負担金収入（一般）,1,0,0
CF-01-01-01-02-00-00,CF,別表第一_資金収支計算書,0,01,収入,01,事業活動による収支,01,介護保険事業収入,02,居宅介護料収入,00,,00,,中区分,居宅介護料収入,1,0,0
CF-01-01-01-02-01-01,CF,別表第一_資金収支計算書,0,01,収入,01,事業活動による収支,01,介護保険事業収入,02,居宅介護料収入,01,（介護報酬収入）,01,介護報酬収入,小区分,介護報酬収入,1,0,0
CF-01-01-01-02-01-02,CF,別表第一_資金収支計算書,0,01,収入,01,事業活動による収支,01,介護保険事業収入,02,居宅介護料収入,01,（介護報酬収入）,02,介護予防報酬収入,小区分,介護予防報酬収入,1,0,0
CF-01-01-01-02-02-01,CF,別表第一_資金収支計算書,0,01,収入,01,事業活動による収支,01,介護保険事業収入,02,居宅介護料収入,02,（利用者負担金収入）,01,介護負担金収入（公費）,小区分,介護負担金収入（公費）,1,0,0
CF-01-01-01-02-02-02,CF,別表第一_資金収支計算書,0,01,収入,01,事業活動による収支,01,介護保険事業収入,02,居宅介護料収入,02,（利用者負担金収入）,02,介護負担金収入（一般）,小区分,介護負担金収入（一般）,1,0,0
CF-01-01-01-02-02-03,CF,別表第一_資金収支計算書,0,01,収入,01,事業活動による収支,01,介護保険事業収入,02,居宅介護料収入,02,（利用者負担金収入）,03,介護予防負担金収入（公費）,小区分,介護予防負担金収入（公費）,1,0,0
CF-01-01-01-02-02-04,CF,別表第一_資金収支計算書,0,01,収入,01,事業活動による収支,01,介護保険事業収入,02,居宅介護料収入,02,（利用者負担金収入）,04,介護予防負担金収入（一般）,小区分,介護予防負担金収入（一般）,1,0,0
CF-01-01-01-03-00-00,CF,別表第一_資金収支計算書,0,01,収入,01,事業活動による収支,01,介護保険事業収入,03,地域密着型介護料収入,00,,00,,中区分,地域密着型介護料収入,1,0,0
CF-01-01-01-03-01-01,CF,別表第一_資金収支計算書,0,01,収入,01,事業活動による収支,01,介護保険事業収入,03,地域密着型介護料収入,01,（介護報酬収入）,01,介護報酬収入,小区分,介護報酬収入,1,0,0
CF-01-01-01-03-01-02,CF,別表第一_資金収支計算書,0,01,収入,01,事業活動による収支,01,介護保険事業収入,03,地域密着型介護料収入,01,（介護報酬収入）,02,介護予防報酬収入,小区分,介護予防報酬収入,1,0,0
CF-01-01-01-03-02-01,CF,別表第一_資金収支計算書,0,01,収入,01,事業活動による収支,01,介護保険事業収入,03,地域密着型介護料収入,02,（利用者負担金収入）,01,介護負担金収入（公費）,小区分,介護負担金収入（公費）,1,0,0
CF-01-01-01-03-02-02,CF,別表第一_資金収支計算書,0,01,収入,01,事業活動による収支,01,介護保険事業収入,03,地域密着型介護料収入,02,（利用者負担金収入）,02,介護負担金収入（一般）,小区分,介護負担金収入（一般）,1,0,0
CF-01-01-01-03-02-03,CF,別表第一_資金収支計算書,0,01,収入,01,事業活動による収支,01,介護保険事業収入,03,地域密着型介護料収入,02,（利用者負担金収入）,03,介護予防負担金収入（公費）,小区分,介護予防負担金収入（公費）,1,0,0
CF-01-01-01-03-02-04,CF,別表第一_資金収支計算書,0,01,収入,01,事業活動による収支,01,介護保険事業収入,03,地域密着型介護料収入,02,（利用者負担金収入）,04,介護予防負担金収入（一般）,小区分,介護予防負担金収入（一般）,1,0,0
CF-01-01-01-04-00-01,CF,別表第一_資金収支計算書,0,01,収入,01,事業活動による収支,01,介護保険事業収入,04,居宅介護支援介護料収入,00,,01,居宅介護支援介護料収入,小区分,居宅介護支援介護料収入,1,0,0
CF-01-01-01-04-00-02,CF,別表第一_資金収支計算書,0,01,収入,01,事業活動による収支,01,介護保険事業収入,04,居宅介護支援介護料収入,00,,02,介護予防支援介護料収入,小区分,介護予防支援介護料収入,1,0,0
CF-01-01-01-05-00-01,CF,別表第一_資金収支計算書,0,01,収入,01,事業活動による収支,01,介護保険事業収入,05,介護予防・日常生活支援総合事業収入,00,,01,事業費収入,小区分,事業費収入,1,0,0
CF-01-01-01-05-00-02,CF,別表第一_資金収支計算書,0,01,収入,01,事業活動による収支,01,介護保険事業収入,05,介護予防・日常生活支援総合事業収入,00,,02,事業負担金収入（公費）,小区分,事業負担金収入（公費）,1,0,0
CF-01-01-01-05-00-03,CF,別表第一_資金収支計算書,0,01,収入,01,事業活動による収支,01,介護保険事業収入,05,介護予防・日常生活支援総合事業収入,00,,03,事業負担金収入（一般）,小区分,事業負担金収入（一般）,1,0,0
CF-01-01-01-06-00-01,CF,別表第一_資金収支計算書,0,01,収入,01,事業活動による収支,01,介護保険事業収入,06,利用者等利用料収入,00,,01,施設サービス利用料収入,小区分,施設サービス利用料収入,1,0,0
CF-01-01-01-06-00-02,CF,別表第一_資金収支計算書,0,01,収入,01,事業活動による収支,01,介護保険事業収入,06,利用者等利用料収入,00,,02,居宅介護サービス利用料収入,小区分,居宅介護サービス利用料収入,1,0,0
CF-01-01-01-06-00-03,CF,別表第一_資金収支計算書,0,01,収入,01,事業活動による収支,01,介護保険事業収入,06,利用者等利用料収入,00,,03,地域密着型介護サービス利用料収入,小区分,地域密着型介護サービス利用料収入,1,0,0
CF-01-01-01-06-00-04,CF,別表第一_資金収支計算書,0,01,収入,01,事業活動による収支,01,介護保険事業収入,06,利用者等利用料収入,00,,04,食費収入（公費）,小区分,食費収入（公費）,1,0,0
CF-01-01-01-06-00-05,CF,別表第一_資金収支計算書,0,01,収入,01,事業活動による収支,01,介護保険事業収入,06,利用者等利用料収入,00,,05,食費収入（一般）,小区分,食費収入（一般）,1,0,0
CF-01-01-01-06-00-06,CF,別表第一_資金収支計算書,0,01,収入,01,事業活動による収支,01,介護保険事業収入,06,利用者等利用料収入,00,,06,食費収入（特定）,小区分,食費収入（特定）,1,0,0
CF-01-01-01-06-00-07,CF,別表第一_資金収支計算書,0,01,収入,01,事業活動による収支,01,介護保険事業収入,06,利用者等利用料収入,00,,07,居住費収入（公費）,小区分,居住費収入（公費）,1,0,0
CF-01-01-01-06-00-08,CF,別表第一_資金収支計算書,0,01,収入,01,事業活動による収支,01,介護保険事業収入,06,利用者等利用料収入,00,,08,居住費収入（一般）,小区分,居住費収入（一般）,1,0,0
CF-01-01-01-06-00-09,CF,別表第一_資金収支計算書,0,01,収入,01,事業活動による収支,01,介護保険事業収入,06,利用者等利用料収入,00,,09,居住費収入（特定）,小区分,居住費収入（特定）,1,0,0
CF-01-01-01-06-00-10,CF,別表第一_資金収支計算書,0,01,収入,01,事業活動による収支,01,介護保険事業収入,06,利用者等利用料収入,00,,10,介護予防・日常生活支援総合事業利用料収入,小区分,介護予防・日常生活支援総合事業利用料収入,1,0,0
CF-01-01-01-06-00-11,CF,別表第一_資金収支計算書,0,01,収入,01,事業活動による収支,01,介護保険事業収入,06,利用者等利用料収入,00,,11,その他の利用料収入,小区分,その他の利用料収入,1,0,0
CF-01-01-01-07-00-01,CF,別表第一_資金収支計算書,0,01,収入,01,事業活動による収支,01,介護保険事業収入,07,その他の事業収入,00,,01,補助金事業収入（公費）,小区分,補助金事業収入（公費）,1,0,0
CF-01-01-01-07-00-02,CF,別表第一_資金収支計算書,0,01,収入,01,事業活動による収支,01,介護保険事業収入,07,その他の事業収入,00,,02,補助金事業収入（一般）,小区分,補助金事業収入（一般）,1,0,0
CF-01-01-01-07-00-03,CF,別表第一_資金収支計算書,0,01,収入,01,事業活動による収支,01,介護保険事業収入,07,その他の事業収入,00,,03,市町村特別事業収入（公費）,小区分,市町村特別事業収入（公費）,1,0,0
CF-01-01-01-07-00-04,CF,別表第一_資金収支計算書,0,01,収入,01,事業活動による収支,01,介護保険事業収入,07,その他の事業収入,00,,04,市町村特別事業収入（一般）,小区分,市町村特別事業収入（一般）,1,0,0
CF-01-01-01-07-00-05,CF,別表第一_資金収支計算書,0,01,収入,01,事業活動による収支,01,介護保険事業収入,07,その他の事業収入,00,,05,受託事業収入（公費）,小区分,受託事業収入（公費）,1,0,0
CF-01-01-01-07-00-06,CF,別表第一_資金収支計算書,0,01,収入,01,事業活動による収支,01,介護保険事業収入,07,その他の事業収入,00,,06,受託事業収入（一般）,小区分,受託事業収入（一般）,1,0,0
CF-01-01-01-07-00-07,CF,別表第一_資金収支計算書,0,01,収入,01,事業活動による収支,01,介護保険事業収入,07,その他の事業収入,00,,07,その他の事業収入,小区分,その他の事業収入,1,0,0
CF-01-01-01-07-01-00,CF,別表第一_資金収支計算書,0,01,収入,01,事業活動による収支,01,介護保険事業収入,07,その他の事業収入,01,（保険等査定減）,00,,内訳グループ,（保険等査定減）,1,0,0
CF-01-01-02-01-00-01,CF,別表第一_資金収支計算書,0,01,収入,01,事業活動による収支,02,老人福祉事業収入,01,措置事業収入,00,,01,事務費収入,小区分,事務費収入,1,0,0
CF-01-01-02-01-00-02,CF,別表第一_資金収支計算書,0,01,収入,01,事業活動による収支,02,老人福祉事業収入,01,措置事業収入,00,,02,事業費収入,小区分,事業費収入,1,0,0
CF-01-01-02-01-00-03,CF,別表第一_資金収支計算書,0,01,収入,01,事業活動による収支,02,老人福祉事業収入,01,措置事業収入,00,,03,その他の利用料収入,小区分,その他の利用料収入,1,0,0
CF-01-01-02-01-00-04,CF,別表第一_資金収支計算書,0,01,収入,01,事業活動による収支,02,老人福祉事業収入,01,措置事業収入,00,,04,その他の事業収入,小区分,その他の事業収入,1,0,0
CF-01-01-02-02-00-01,CF,別表第一_資金収支計算書,0,01,収入,01,事業活動による収支,02,老人福祉事業収入,02,運営事業収入,00,,01,管理費収入,小区分,管理費収入,1,0,0
CF-01-01-02-02-00-02,CF,別表第一_資金収支計算書,0,01,収入,01,事業活動による収支,02,老人福祉事業収入,02,運営事業収入,00,,02,その他の利用料収入,小区分,その他の利用料収入,1,0,0
CF-01-01-02-02-00-03,CF,別表第一_資金収支計算書,0,01,収入,01,事業活動による収支,02,老人福祉事業収入,02,運営事業収入,00,,03,補助金事業収入（公費）,小区分,補助金事業収入（公費）,1,0,0
CF-01-01-02-02-00-04,CF,別表第一_資金収支計算書,0,01,収入,01,事業活動による収支,02,老人福祉事業収入,02,運営事業収入,00,,04,補助金事業収入（一般）,小区分,補助金事業収入（一般）,1,0,0
CF-01-01-02-02-00-05,CF,別表第一_資金収支計算書,0,01,収入,01,事業活動による収支,02,老人福祉事業収入,02,運営事業収入,00,,05,その他の事業収入,小区分,その他の事業収入,1,0,0
CF-01-01-02-03-00-01,CF,別表第一_資金収支計算書,0,01,収入,01,事業活動による収支,02,老人福祉事業収入,03,その他の事業収入,00,,01,管理費収入,小区分,管理費収入,1,0,0
CF-01-01-02-03-00-02,CF,別表第一_資金収支計算書,0,01,収入,01,事業活動による収支,02,老人福祉事業収入,03,その他の事業収入,00,,02,その他の利用料収入,小区分,その他の利用料収入,1,0,0
CF-01-01-02-03-00-03,CF,別表第一_資金収支計算書,0,01,収入,01,事業活動による収支,02,老人福祉事業収入,03,その他の事業収入,00,,03,その他の事業収入,小区分,その他の事業収入,1,0,0
CF-01-01-03-01-00-01,CF,別表第一_資金収支計算書,0,01,収入,01,事業活動による収支,03,児童福祉事業収入,01,措置費収入,00,,01,事務費収入,小区分,事務費収入,1,0,0
CF-01-01-03-01-00-02,CF,別表第一_資金収支計算書,0,01,収入,01,事業活動による収支,03,児童福祉事業収入,01,措置費収入,00,,02,事業費収入,小区分,事業費収入,1,0,0
CF-01-01-03-02-00-00,CF,別表第一_資金収支計算書,0,01,収入,01,事業活動による収支,03,児童福祉事業収入,02,私的契約利用料収入,00,,00,,中区分,私的契約利用料収入,1,0,0
CF-01-01-03-03-00-01,CF,別表第一_資金収支計算書,0,01,収入,01,事業活動による収支,03,児童福祉事業収入,03,その他の事業収入,00,,01,補助金事業収入（公費）,小区分,補助金事業収入（公費）,1,0,0
CF-01-01-03-03-00-02,CF,別表第一_資金収支計算書,0,01,収入,01,事業活動による収支,03,児童福祉事業収入,03,その他の事業収入,00,,02,補助金事業収入（一般）,小区分,補助金事業収入（一般）,1,0,0
CF-01-01-03-03-00-03,CF,別表第一_資金収支計算書,0,01,収入,01,事業活動による収支,03,児童福祉事業収入,03,その他の事業収入,00,,03,受託事業収入（公費）,小区分,受託事業収入（公費）,1,0,0
CF-01-01-03-03-00-04,CF,別表第一_資金収支計算書,0,01,収入,01,事業活動による収支,03,児童福祉事業収入,03,その他の事業収入,00,,04,受託事業収入（一般）,小区分,受託事業収入（一般）,1,0,0
CF-01-01-03-03-00-05,CF,別表第一_資金収支計算書,0,01,収入,01,事業活動による収支,03,児童福祉事業収入,03,その他の事業収入,00,,05,その他の事業収入,小区分,その他の事業収入,1,0,0
CF-01-01-04-01-00-01,CF,別表第一_資金収支計算書,0,01,収入,01,事業活動による収支,04,保育事業収入,01,施設型給付費収入,00,,01,施設型給付費収入,小区分,施設型給付費収入,1,0,0
CF-01-01-04-01-00-02,CF,別表第一_資金収支計算書,0,01,収入,01,事業活動による収支,04,保育事業収入,01,施設型給付費収入,00,,02,利用者負担金収入,小区分,利用者負担金収入,1,0,0
CF-01-01-04-02-00-01,CF,別表第一_資金収支計算書,0,01,収入,01,事業活動による収支,04,保育事業収入,02,特例施設型給付費収入,00,,01,特例施設型給付費収入,小区分,特例施設型給付費収入,1,0,0
CF-01-01-04-02-00-02,CF,別表第一_資金収支計算書,0,01,収入,01,事業活動による収支,04,保育事業収入,02,特例施設型給付費収入,00,,02,利用者負担金収入,小区分,利用者負担金収入,1,0,0
CF-01-01-04-03-00-01,CF,別表第一_資金収支計算書,0,01,収入,01,事業活動による収支,04,保育事業収入,03,地域型保育給付費収入,00,,01,地域型保育給付費収入,小区分,地域型保育給付費収入,1,0,0
CF-01-01-04-03-00-02,CF,別表第一_資金収支計算書,0,01,収入,01,事業活動による収支,04,保育事業収入,03,地域型保育給付費収入,00,,02,利用者負担金収入,小区分,利用者負担金収入,1,0,0
CF-01-01-04-04-00-01,CF,別表第一_資金収支計算書,0,01,収入,01,事業活動による収支,04,保育事業収入,04,特例地域型保育給付費収入,00,,01,特例地域型保育給付費収入,小区分,特例地域型保育給付費収入,1,0,0
CF-01-01-04-04-00-02,CF,別表第一_資金収支計算書,0,01,収入,01,事業活動による収支,04,保育事業収入,04,特例地域型保育給付費収入,00,,02,利用者負担金収入,小区分,利用者負担金収入,1,0,0
CF-01-01-04-05-00-00,CF,別表第一_資金収支計算書,0,01,収入,01,事業活動による収支,04,保育事業収入,05,委託費収入,00,,00,,中区分,委託費収入,1,0,0
CF-01-01-04-06-00-01,CF,別表第一_資金収支計算書,0,01,収入,01,事業活動による収支,04,保育事業収入,06,利用者等利用料収入,00,,01,利用者等利用料収入（公費）,小区分,利用者等利用料収入（公費）,1,0,0
CF-01-01-04-06-00-02,CF,別表第一_資金収支計算書,0,01,収入,01,事業活動による収支,04,保育事業収入,06,利用者等利用料収入,00,,02,利用者等利用料収入（一般）,小区分,利用者等利用料収入（一般）,1,0,0
CF-01-01-04-06-00-03,CF,別表第一_資金収支計算書,0,01,収入,01,事業活動による収支,04,保育事業収入,06,利用者等利用料収入,00,,03,その他の利用料収入,小区分,その他の利用料収入,1,0,0
CF-01-01-04-07-00-00,CF,別表第一_資金収支計算書,0,01,収入,01,事業活動による収支,04,保育事業収入,07,私的契約利用料収入,00,,00,,中区分,私的契約利用料収入,1,0,0
CF-01-01-04-08-00-01,CF,別表第一_資金収支計算書,0,01,収入,01,事業活動による収支,04,保育事業収入,08,その他の事業収入,00,,01,補助金事業収入（公費）,小区分,補助金事業収入（公費）,1,0,0
CF-01-01-04-08-00-02,CF,別表第一_資金収支計算書,0,01,収入,01,事業活動による収支,04,保育事業収入,08,その他の事業収入,00,,02,補助金事業収入（一般）,小区分,補助金事業収入（一般）,1,0,0
CF-01-01-04-08-00-03,CF,別表第一_資金収支計算書,0,01,収入,01,事業活動による収支,04,保育事業収入,08,その他の事業収入,00,,03,受託事業収入（公費）,小区分,受託事業収入（公費）,1,0,0
CF-01-01-04-08-00-04,CF,別表第一_資金収支計算書,0,01,収入,01,事業活動による収支,04,保育事業収入,08,その他の事業収入,00,,04,受託事業収入（一般）,小区分,受託事業収入（一般）,1,0,0
CF-01-01-04-08-00-05,CF,別表第一_資金収支計算書,0,01,収入,01,事業活動による収支,04,保育事業収入,08,その他の事業収入,00,,05,その他の事業収入,小区分,その他の事業収入,1,0,0
CF-01-01-05-00-00-00,CF,別表第一_資金収支計算書,0,01,収入,01,事業活動による収支,05,就労支援事業収入,00,,00,,00,,大区分,就労支援事業収入,1,0,0
CF-01-01-06-01-00-01,CF,別表第一_資金収支計算書,0,01,収入,01,事業活動による収支,06,障害福祉サービス等事業収入,01,自立支援給付費収入,00,,01,介護給付費収入,小区分,介護給付費収入,1,0,0
CF-01-01-06-01-00-02,CF,別表第一_資金収支計算書,0,01,収入,01,事業活動による収支,06,障害福祉サービス等事業収入,01,自立支援給付費収入,00,,02,特例介護給付費収入,小区分,特例介護給付費収入,1,0,0
CF-01-01-06-01-00-03,CF,別表第一_資金収支計算書,0,01,収入,01,事業活動による収支,06,障害福祉サービス等事業収入,01,自立支援給付費収入,00,,03,訓練等給付費収入,小区分,訓練等給付費収入,1,0,0
CF-01-01-06-01-00-04,CF,別表第一_資金収支計算書,0,01,収入,01,事業活動による収支,06,障害福祉サービス等事業収入,01,自立支援給付費収入,00,,04,特例訓練等給付費収入,小区分,特例訓練等給付費収入,1,0,0
CF-01-01-06-01-00-05,CF,別表第一_資金収支計算書,0,01,収入,01,事業活動による収支,06,障害福祉サービス等事業収入,01,自立支援給付費収入,00,,05,地域相談支援給付費収入,小区分,地域相談支援給付費収入,1,0,0
CF-01-01-06-01-00-06,CF,別表第一_資金収支計算書,0,01,収入,01,事業活動による収支,06,障害福祉サービス等事業収入,01,自立支援給付費収入,00,,06,特例地域相談支援給付費収入,小区分,特例地域相談支援給付費収入,1,0,0
CF-01-01-06-01-00-07,CF,別表第一_資金収支計算書,0,01,収入,01,事業活動による収支,06,障害福祉サービス等事業収入,01,自立支援給付費収入,00,,07,計画相談支援給付費収入,小区分,計画相談支援給付費収入,1,0,0
CF-01-01-06-01-00-08,CF,別表第一_資金収支計算書,0,01,収入,01,事業活動による収支,06,障害福祉サービス等事業収入,01,自立支援給付費収入,00,,08,特例計画相談支援給付費収入,小区分,特例計画相談支援給付費収入,1,0,0
CF-01-01-06-02-00-01,CF,別表第一_資金収支計算書,0,01,収入,01,事業活動による収支,06,障害福祉サービス等事業収入,02,障害児施設給付費収入,00,,01,障害児通所給付費収入,小区分,障害児通所給付費収入,1,0,0
CF-01-01-06-02-00-02,CF,別表第一_資金収支計算書,0,01,収入,01,事業活動による収支,06,障害福祉サービス等事業収入,02,障害児施設給付費収入,00,,02,特例障害児通所給付費収入,小区分,特例障害児通所給付費収入,1,0,0
CF-01-01-06-02-00-03,CF,別表第一_資金収支計算書,0,01,収入,01,事業活動による収支,06,障害福祉サービス等事業収入,02,障害児施設給付費収入,00,,03,障害児入所給付費収入,小区分,障害児入所給付費収入,1,0,0
CF-01-01-06-02-00-04,CF,別表第一_資金収支計算書,0,01,収入,01,事業活動による収支,06,障害福祉サービス等事業収入,02,障害児施設給付費収入,00,,04,障害児相談支援給付費収入,小区分,障害児相談支援給付費収入,1,0,0
CF-01-01-06-02-00-05,CF,別表第一_資金収支計算書,0,01,収入,01,事業活動による収支,06,障害福祉サービス等事業収入,02,障害児施設給付費収入,00,,05,特例障害児相談支援給付費収入,小区分,特例障害児相談支援給付費収入,1,0,0
CF-01-01-06-03-00-00,CF,別表第一_資金収支計算書,0,01,収入,01,事業活動による収支,06,障害福祉サービス等事業収入,03,利用者負担金収入,00,,00,,中区分,利用者負担金収入,1,0,0
CF-01-01-06-04-00-01,CF,別表第一_資金収支計算書,0,01,収入,01,事業活動による収支,06,障害福祉サービス等事業収入,04,補足給付費収入,00,,01,特定障害者特別給付費収入,小区分,特定障害者特別給付費収入,1,0,0
CF-01-01-06-04-00-02,CF,別表第一_資金収支計算書,0,01,収入,01,事業活動による収支,06,障害福祉サービス等事業収入,04,補足給付費収入,00,,02,特例特定障害者特別給付費収入,小区分,特例特定障害者特別給付費収入,1,0,0
CF-01-01-06-04-00-03,CF,別表第一_資金収支計算書,0,01,収入,01,事業活動による収支,06,障害福祉サービス等事業収入,04,補足給付費収入,00,,03,特定入所障害児食費等給付費収入,小区分,特定入所障害児食費等給付費収入,1,0,0
CF-01-01-06-05-00-00,CF,別表第一_資金収支計算書,0,01,収入,01,事業活動による収支,06,障害福祉サービス等事業収入,05,特定費用収入,00,,00,,中区分,特定費用収入,1,0,0
CF-01-01-06-06-00-01,CF,別表第一_資金収支計算書,0,01,収入,01,事業活動による収支,06,障害福祉サービス等事業収入,06,その他の事業収入,00,,01,補助金事業収入（公費）,小区分,補助金事業収入（公費）,1,0,0
CF-01-01-06-06-00-02,CF,別表第一_資金収支計算書,0,01,収入,01,事業活動による収支,06,障害福祉サービス等事業収入,06,その他の事業収入,00,,02,補助金事業収入（一般）,小区分,補助金事業収入（一般）,1,0,0
CF-01-01-06-06-00-03,CF,別表第一_資金収支計算書,0,01,収入,01,事業活動による収支,06,障害福祉サービス等事業収入,06,その他の事業収入,00,,03,受託事業収入（公費）,小区分,受託事業収入（公費）,1,0,0
CF-01-01-06-06-00-04,CF,別表第一_資金収支計算書,0,01,収入,01,事業活動による収支,06,障害福祉サービス等事業収入,06,その他の事業収入,00,,04,受託事業収入（一般）,小区分,受託事業収入（一般）,1,0,0
CF-01-01-06-06-00-05,CF,別表第一_資金収支計算書,0,01,収入,01,事業活動による収支,06,障害福祉サービス等事業収入,06,その他の事業収入,00,,05,その他の事業収入,小区分,その他の事業収入,1,0,0
CF-01-01-06-06-01-00,CF,別表第一_資金収支計算書,0,01,収入,01,事業活動による収支,06,障害福祉サービス等事業収入,06,その他の事業収入,01,（保険等査定減）,00,,内訳グループ,（保険等査定減）,1,0,0
CF-01-01-07-01-00-01,CF,別表第一_資金収支計算書,0,01,収入,01,事業活動による収支,07,生活保護事業収入,01,措置費収入,00,,01,事務費収入,小区分,事務費収入,1,0,0
CF-01-01-07-01-00-02,CF,別表第一_資金収支計算書,0,01,収入,01,事業活動による収支,07,生活保護事業収入,01,措置費収入,00,,02,事業費収入,小区分,事業費収入,1,0,0
CF-01-01-07-02-00-01,CF,別表第一_資金収支計算書,0,01,収入,01,事業活動による収支,07,生活保護事業収入,02,授産事業収入,00,,01,（何）事業収入,小区分,（何）事業収入,1,0,0
CF-01-01-07-03-00-00,CF,別表第一_資金収支計算書,0,01,収入,01,事業活動による収支,07,生活保護事業収入,03,利用者負担金収入,00,,00,,中区分,利用者負担金収入,1,0,0
CF-01-01-07-04-00-01,CF,別表第一_資金収支計算書,0,01,収入,01,事業活動による収支,07,生活保護事業収入,04,その他の事業収入,00,,01,補助金事業収入（公費）,小区分,補助金事業収入（公費）,1,0,0
CF-01-01-07-04-00-02,CF,別表第一_資金収支計算書,0,01,収入,01,事業活動による収支,07,生活保護事業収入,04,その他の事業収入,00,,02,補助金事業収入（一般）,小区分,補助金事業収入（一般）,1,0,0
CF-01-01-07-04-00-03,CF,別表第一_資金収支計算書,0,01,収入,01,事業活動による収支,07,生活保護事業収入,04,その他の事業収入,00,,03,受託事業収入（公費）,小区分,受託事業収入（公費）,1,0,0
CF-01-01-07-04-00-04,CF,別表第一_資金収支計算書,0,01,収入,01,事業活動による収支,07,生活保護事業収入,04,その他の事業収入,00,,04,受託事業収入（一般）,小区分,受託事業収入（一般）,1,0,0
CF-01-01-07-04-00-05,CF,別表第一_資金収支計算書,0,01,収入,01,事業活動による収支,07,生活保護事業収入,04,その他の事業収入,00,,05,その他の事業収入,小区分,その他の事業収入,1,0,0
CF-01-01-08-00-00-00,CF,別表第一_資金収支計算書,0,01,収入,01,事業活動による収支,08,医療事業収入,00,,00,,00,,大区分,医療事業収入,1,0,0
CF-01-01-08-01-00-00,CF,別表第一_資金収支計算書,0,01,収入,01,事業活動による収支,08,医療事業収入,01,入院診療収入（一般）,00,,00,,中区分,入院診療収入（一般）,1,0,0
CF-01-01-08-02-00-00,CF,別表第一_資金収支計算書,0,01,収入,01,事業活動による収支,08,医療事業収入,02,室料差額収入,00,,00,,中区分,室料差額収入,1,0,0
CF-01-01-08-03-00-00,CF,別表第一_資金収支計算書,0,01,収入,01,事業活動による収支,08,医療事業収入,03,外来診療収入（公費）,00,,00,,中区分,外来診療収入（公費）,1,0,0
CF-01-01-08-04-00-00,CF,別表第一_資金収支計算書,0,01,収入,01,事業活動による収支,08,医療事業収入,04,外来診療収入（一般）,00,,00,,中区分,外来診療収入（一般）,1,0,0
CF-01-01-08-05-00-00,CF,別表第一_資金収支計算書,0,01,収入,01,事業活動による収支,08,医療事業収入,05,保健予防活動収入,00,,00,,中区分,保健予防活動収入,1,0,0
CF-01-01-08-06-00-00,CF,別表第一_資金収支計算書,0,01,収入,01,事業活動による収支,08,医療事業収入,06,受託検査・施設利用収入,00,,00,,中区分,受託検査・施設利用収入,1,0,0
CF-01-01-08-07-00-00,CF,別表第一_資金収支計算書,0,01,収入,01,事業活動による収支,08,医療事業収入,07,訪問看護療養費収入（公費）,00,,00,,中区分,訪問看護療養費収入（公費）,1,0,0
CF-01-01-08-08-00-00,CF,別表第一_資金収支計算書,0,01,収入,01,事業活動による収支,08,医療事業収入,08,訪問看護療養費収入（一般）,00,,00,,中区分,訪問看護療養費収入（一般）,1,0,0
CF-01-01-08-09-00-01,CF,別表第一_資金収支計算書,0,01,収入,01,事業活動による収支,08,医療事業収入,09,訪問看護利用料収入,00,,01,訪問看護基本利用料収入,小区分,訪問看護基本利用料収入,1,0,0
CF-01-01-08-09-00-02,CF,別表第一_資金収支計算書,0,01,収入,01,事業活動による収支,08,医療事業収入,09,訪問看護利用料収入,00,,02,訪問看護その他の利用料収入,小区分,訪問看護その他の利用料収入,1,0,0
CF-01-01-08-10-00-01,CF,別表第一_資金収支計算書,0,01,収入,01,事業活動による収支,08,医療事業収入,10,その他の医療事業収入,00,,01,補助金事業収入（公費）,小区分,補助金事業収入（公費）,1,0,0
CF-01-01-08-10-00-02,CF,別表第一_資金収支計算書,0,01,収入,01,事業活動による収支,08,医療事業収入,10,その他の医療事業収入,00,,02,補助金事業収入（一般）,小区分,補助金事業収入（一般）,1,0,0
CF-01-01-08-10-00-03,CF,別表第一_資金収支計算書,0,01,収入,01,事業活動による収支,08,医療事業収入,10,その他の医療事業収入,00,,03,受託事業収入（公費）,小区分,受託事業収入（公費）,1,0,0
CF-01-01-08-10-00-04,CF,別表第一_資金収支計算書,0,01,収入,01,事業活動による収支,08,医療事業収入,10,その他の医療事業収入,00,,04,受託事業収入（一般）,小区分,受託事業収入（一般）,1,0,0
CF-01-01-08-10-00-05,CF,別表第一_資金収支計算書,0,01,収入,01,事業活動による収支,08,医療事業収入,10,その他の医療事業収入,00,,05,その他の医療事業収入,小区分,その他の医療事業収入,1,0,0
CF-01-01-08-10-01-00,CF,別表第一_資金収支計算書,0,01,収入,01,事業活動による収支,08,医療事業収入,10,その他の医療事業収入,01,（保険等査定減）,00,,内訳グループ,（保険等査定減）,1,0,0
CF-01-01-09-00-00-00,CF,別表第一_資金収支計算書,0,01,収入,01,事業活動による収支,09,退職共済事業収入,00,,00,,00,,大区分,退職共済事業収入,1,0,0
CF-01-01-10-00-00-00,CF,別表第一_資金収支計算書,0,01,収入,01,事業活動による収支,10,（何）事業収入,00,,00,,00,,大区分,（何）事業収入,1,0,0
CF-01-01-10-01-00-01,CF,別表第一_資金収支計算書,0,01,収入,01,事業活動による収支,10,（何）事業収入,01,その他の事業収入,00,,01,補助金事業収入（公費）,小区分,補助金事業収入（公費）,1,0,0
CF-01-01-10-01-00-02,CF,別表第一_資金収支計算書,0,01,収入,01,事業活動による収支,10,（何）事業収入,01,その他の事業収入,00,,02,補助金事業収入（一般）,小区分,補助金事業収入（一般）,1,0,0
CF-01-01-10-01-00-03,CF,別表第一_資金収支計算書,0,01,収入,01,事業活動による収支,10,（何）事業収入,01,その他の事業収入,00,,03,受託事業収入（公費）,小区分,受託事業収入（公費）,1,0,0
CF-01-01-10-01-00-04,CF,別表第一_資金収支計算書,0,01,収入,01,事業活動による収支,10,（何）事業収入,01,その他の事業収入,00,,04,受託事業収入（一般）,小区分,受託事業収入（一般）,1,0,0
CF-01-01-10-01-00-05,CF,別表第一_資金収支計算書,0,01,収入,01,事業活動による収支,10,（何）事業収入,01,その他の事業収入,00,,05,その他の事業収入,小区分,その他の事業収入,1,0,0
CF-01-01-11-00-00-00,CF,別表第一_資金収支計算書,0,01,収入,01,事業活動による収支,11,（何）収入,00,,00,,00,,大区分,（何）収入,1,0,0
CF-01-01-12-00-00-00,CF,別表第一_資金収支計算書,0,01,収入,01,事業活動による収支,12,借入金利息補助金収入,00,,00,,00,,大区分,借入金利息補助金収入,1,0,0
CF-01-01-13-00-00-00,CF,別表第一_資金収支計算書,0,01,収入,01,事業活動による収支,13,経常経費寄附金収入,00,,00,,00,,大区分,経常経費寄附金収入,1,0,0
CF-01-01-14-00-00-00,CF,別表第一_資金収支計算書,0,01,収入,01,事業活動による収支,14,受取利息配当金収入,00,,00,,00,,大区分,受取利息配当金収入,1,0,0
CF-01-01-15-00-00-00,CF,別表第一_資金収支計算書,0,01,収入,01,事業活動による収支,15,社会福祉連携推進業務貸付金受取利息収入,00,,00,,00,,大区分,社会福祉連携推進業務貸付金受取利息収入,1,0,0
CF-01-01-16-00-00-00,CF,別表第一_資金収支計算書,0,01,収入,01,事業活動による収支,16,その他の収入,00,,00,,00,,大区分,その他の収入,1,0,0
CF-01-01-16-01-00-00,CF,別表第一_資金収支計算書,0,01,収入,01,事業活動による収支,16,その他の収入,01,利用者等外給食費収入,00,,00,,中区分,利用者等外給食費収入,1,0,0
CF-01-01-16-02-00-00,CF,別表第一_資金収支計算書,0,01,収入,01,事業活動による収支,16,その他の収入,02,雑収入,00,,00,,中区分,雑収入,1,0,0
CF-01-01-17-00-00-00,CF,別表第一_資金収支計算書,0,01,収入,01,事業活動による収支,17,流動資産評価益等による資金増加額,00,,00,,00,,大区分,流動資産評価益等による資金増加額,1,0,0
CF-01-01-18-00-00-00,CF,別表第一_資金収支計算書,0,01,収入,01,事業活動による収支,18,有価証券評価益,00,,00,,00,,大区分,有価証券評価益,1,0,0
CF-01-01-18-01-00-00,CF,別表第一_資金収支計算書,0,01,収入,01,事業活動による収支,18,有価証券評価益,01,為替差益,00,,00,,中区分,為替差益,1,0,0
CF-01-02-01-00-00-00,CF,別表第一_資金収支計算書,0,01,収入,02,施設整備等による収支,01,施設整備等補助金収入,00,,00,,00,,大区分,施設整備等補助金収入,1,0,0
CF-01-02-01-01-00-00,CF,別表第一_資金収支計算書,0,01,収入,02,施設整備等による収支,01,施設整備等補助金収入,01,設備資金借入金元金償還補助金収入,00,,00,,中区分,設備資金借入金元金償還補助金収入,1,0,0
CF-01-02-02-00-00-00,CF,別表第一_資金収支計算書,0,01,収入,02,施設整備等による収支,02,施設整備等寄附金収入,00,,00,,00,,大区分,施設整備等寄附金収入,1,0,0
CF-01-02-02-01-00-00,CF,別表第一_資金収支計算書,0,01,収入,02,施設整備等による収支,02,施設整備等寄附金収入,01,設備資金借入金元金償還寄附金収入,00,,00,,中区分,設備資金借入金元金償還寄附金収入,1,0,0
CF-01-02-03-00-00-00,CF,別表第一_資金収支計算書,0,01,収入,02,施設整備等による収支,03,設備資金借入金収入,00,,00,,00,,大区分,設備資金借入金収入,1,0,0
CF-01-02-04-00-00-00,CF,別表第一_資金収支計算書,0,01,収入,02,施設整備等による収支,04,社会福祉連携推進業務設備資金借入金収入,00,,00,,00,,大区分,社会福祉連携推進業務設備資金借入金収入,1,0,0
CF-01-02-05-00-00-00,CF,別表第一_資金収支計算書,0,01,収入,02,施設整備等による収支,05,固定資産売却収入,00,,00,,00,,大区分,固定資産売却収入,1,0,0
CF-01-02-05-01-00-00,CF,別表第一_資金収支計算書,0,01,収入,02,施設整備等による収支,05,固定資産売却収入,01,器具及び備品売却収入,00,,00,,中区分,器具及び備品売却収入,1,0,0
CF-01-02-05-02-00-00,CF,別表第一_資金収支計算書,0,01,収入,02,施設整備等による収支,05,固定資産売却収入,02,（何）売却収入,00,,00,,中区分,（何）売却収入,1,0,0
CF-01-02-06-00-00-00,CF,別表第一_資金収支計算書,0,01,収入,02,施設整備等による収支,06,その他の施設整備等による収入,00,,00,,00,,大区分,その他の施設整備等による収入,1,0,0
CF-01-03-01-00-00-00,CF,別表第一_資金収支計算書,0,01,収入,03,その他の活動による収支,01,長期運営資金借入金元金償還寄附金収入,00,,00,,00,,大区分,長期運営資金借入金元金償還寄附金収入,1,0,0
CF-01-03-02-00-00-00,CF,別表第一_資金収支計算書,0,01,収入,03,その他の活動による収支,02,長期運営資金借入金収入,00,,00,,00,,大区分,長期運営資金借入金収入,1,0,0
CF-01-03-03-00-00-00,CF,別表第一_資金収支計算書,0,01,収入,03,その他の活動による収支,03,役員等長期借入金収入,00,,00,,00,,大区分,役員等長期借入金収入,1,0,0
CF-01-03-04-00-00-00,CF,別表第一_資金収支計算書,0,01,収入,03,その他の活動による収支,04,社会福祉連携推進業務長期運営資金借入金収入,00,,00,,00,,大区分,社会福祉連携推進業務長期運営資金借入金収入,1,0,0
CF-01-03-05-00-00-00,CF,別表第一_資金収支計算書,0,01,収入,03,その他の活動による収支,05,長期貸付金回収収入,00,,00,,00,,大区分,長期貸付金回収収入,1,0,0
CF-01-03-06-00-00-00,CF,別表第一_資金収支計算書,0,01,収入,03,その他の活動による収支,06,社会福祉連携推進業務長期貸付金回収収入,00,,00,,00,,大区分,社会福祉連携推進業務長期貸付金回収収入,1,0,0
CF-01-03-07-00-00-00,CF,別表第一_資金収支計算書,0,01,収入,03,その他の活動による収支,07,投資有価証券売却収入,00,,00,,00,,大区分,投資有価証券売却収入,1,0,0
CF-01-03-08-00-00-00,CF,別表第一_資金収支計算書,0,01,収入,03,その他の活動による収支,08,積立資産取崩収入,00,,00,,00,,大区分,積立資産取崩収入,1,0,0
CF-01-03-08-01-00-00,CF,別表第一_資金収支計算書,0,01,収入,03,その他の活動による収支,08,積立資産取崩収入,01,長期預り金積立資産取崩収入,00,,00,,中区分,長期預り金積立資産取崩収入,1,0,0
CF-01-03-08-02-00-00,CF,別表第一_資金収支計算書,0,01,収入,03,その他の活動による収支,08,積立資産取崩収入,02,（何）積立資産取崩収入,00,,00,,中区分,（何）積立資産取崩収入,1,0,0
CF-01-03-09-00-00-00,CF,別表第一_資金収支計算書,0,01,収入,03,その他の活動による収支,09,事業区分間長期借入金収入,00,,00,,00,,大区分,事業区分間長期借入金収入,1,0,0
CF-01-03-10-00-00-00,CF,別表第一_資金収支計算書,0,01,収入,03,その他の活動による収支,10,拠点区分間長期借入金収入,00,,00,,00,,大区分,拠点区分間長期借入金収入,1,0,0
CF-01-03-11-00-00-00,CF,別表第一_資金収支計算書,0,01,収入,03,その他の活動による収支,11,事業区分間長期貸付金回収収入,00,,00,,00,,大区分,事業区分間長期貸付金回収収入,1,0,0
CF-01-03-12-00-00-00,CF,別表第一_資金収支計算書,0,01,収入,03,その他の活動による収支,12,拠点区分間長期貸付金回収収入,00,,00,,00,,大区分,拠点区分間長期貸付金回収収入,1,0,0
CF-01-03-13-00-00-00,CF,別表第一_資金収支計算書,0,01,収入,03,その他の活動による収支,13,事業区分間繰入金収入,00,,00,,00,,大区分,事業区分間繰入金収入,1,0,0
CF-01-03-14-00-00-00,CF,別表第一_資金収支計算書,0,01,収入,03,その他の活動による収支,14,拠点区分間繰入金収入,00,,00,,00,,大区分,拠点区分間繰入金収入,1,0,0
CF-01-03-15-00-00-00,CF,別表第一_資金収支計算書,0,01,収入,03,その他の活動による収支,15,サービス区分間繰入金収入,00,,00,,00,,大区分,サービス区分間繰入金収入,1,0,0
CF-01-03-16-00-00-00,CF,別表第一_資金収支計算書,0,01,収入,03,その他の活動による収支,16,その他の活動による収入,00,,00,,00,,大区分,その他の活動による収入,1,0,0
CF-01-03-16-01-00-00,CF,別表第一_資金収支計算書,0,01,収入,03,その他の活動による収支,16,その他の活動による収入,01,退職共済事業管理資産取崩収入,00,,00,,中区分,退職共済事業管理資産取崩収入,1,0,0
CF-01-03-16-02-00-00,CF,別表第一_資金収支計算書,0,01,収入,03,その他の活動による収支,16,その他の活動による収入,02,（何）収入,00,,00,,中区分,（何）収入,1,0,0
CF-02-01-01-00-00-00,CF,別表第一_資金収支計算書,1,02,支出,01,事業活動による収支,01,人件費支出,00,,00,,00,,大区分,人件費支出,1,0,0
CF-02-01-01-01-00-00,CF,別表第一_資金収支計算書,1,02,支出,01,事業活動による収支,01,人件費支出,01,役員退職慰労金支出,00,,00,,中区分,役員退職慰労金支出,1,0,0
CF-02-01-01-02-00-00,CF,別表第一_資金収支計算書,1,02,支出,01,事業活動による収支,01,人件費支出,02,職員給料支出,00,,00,,中区分,職員給料支出,1,0,0
CF-02-01-01-03-00-00,CF,別表第一_資金収支計算書,1,02,支出,01,事業活動による収支,01,人件費支出,03,職員賞与支出,00,,00,,中区分,職員賞与支出,1,0,0
CF-02-01-01-04-00-00,CF,別表第一_資金収支計算書,1,02,支出,01,事業活動による収支,01,人件費支出,04,非常勤職員給与支出,00,,00,,中区分,非常勤職員給与支出,1,0,0
CF-02-01-01-05-00-00,CF,別表第一_資金収支計算書,1,02,支出,01,事業活動による収支,01,人件費支出,05,派遣職員費支出,00,,00,,中区分,派遣職員費支出,1,0,0
CF-02-01-01-06-00-00,CF,別表第一_資金収支計算書,1,02,支出,01,事業活動による収支,01,人件費支出,06,退職給付支出,00,,00,,中区分,退職給付支出,1,0,0
CF-02-01-01-07-00-00,CF,別表第一_資金収支計算書,1,02,支出,01,事業活動による収支,01,人件費支出,07,法定福利費支出,00,,00,,中区分,法定福利費支出,1,0,0
CF-02-01-02-00-00-00,CF,別表第一_資金収支計算書,1,02,支出,01,事業活動による収支,02,事業費支出,00,,00,,00,,大区分,事業費支出,1,0,0
CF-02-01-02-01-00-00,CF,別表第一_資金収支計算書,1,02,支出,01,事業活動による収支,02,事業費支出,01,介護用品費支出,00,,00,,中区分,介護用品費支出,1,0,0
CF-02-01-02-02-00-00,CF,別表第一_資金収支計算書,1,02,支出,01,事業活動による収支,02,事業費支出,02,医薬品費支出,00,,00,,中区分,医薬品費支出,1,0,0
CF-02-01-02-03-00-00,CF,別表第一_資金収支計算書,1,02,支出,01,事業活動による収支,02,事業費支出,03,診療・療養等材料費支出,00,,00,,中区分,診療・療養等材料費支出,1,0,0
CF-02-01-02-04-00-00,CF,別表第一_資金収支計算書,1,02,支出,01,事業活動による収支,02,事業費支出,04,保健衛生費支出,00,,00,,中区分,保健衛生費支出,1,0,0
CF-02-01-02-05-00-00,CF,別表第一_資金収支計算書,1,02,支出,01,事業活動による収支,02,事業費支出,05,医療費支出,00,,00,,中区分,医療費支出,1,0,0
CF-02-01-02-06-00-00,CF,別表第一_資金収支計算書,1,02,支出,01,事業活動による収支,02,事業費支出,06,被服費支出,00,,00,,中区分,被服費支出,1,0,0
CF-02-01-02-07-00-00,CF,別表第一_資金収支計算書,1,02,支出,01,事業活動による収支,02,事業費支出,07,教養娯楽費支出,00,,00,,中区分,教養娯楽費支出,1,0,0
CF-02-01-02-08-00-00,CF,別表第一_資金収支計算書,1,02,支出,01,事業活動による収支,02,事業費支出,08,日用品費支出,00,,00,,中区分,日用品費支出,1,0,0
CF-02-01-02-09-00-00,CF,別表第一_資金収支計算書,1,02,支出,01,事業活動による収支,02,事業費支出,09,保育材料費支出,00,,00,,中区分,保育材料費支出,1,0,0
CF-02-01-02-10-00-00,CF,別表第一_資金収支計算書,1,02,支出,01,事業活動による収支,02,事業費支出,10,本人支給金支出,00,,00,,中区分,本人支給金支出,1,0,0
CF-02-01-02-11-00-00,CF,別表第一_資金収支計算書,1,02,支出,01,事業活動による収支,02,事業費支出,11,水道光熱費支出,00,,00,,中区分,水道光熱費支出,1,0,0
CF-02-01-02-12-00-00,CF,別表第一_資金収支計算書,1,02,支出,01,事業活動による収支,02,事業費支出,12,燃料費支出,00,,00,,中区分,燃料費支出,1,0,0
CF-02-01-02-13-00-00,CF,別表第一_資金収支計算書,1,02,支出,01,事業活動による収支,02,事業費支出,13,消耗器具備品費支出,00,,00,,中区分,消耗器具備品費支出,1,0,0
CF-02-01-02-14-00-00,CF,別表第一_資金収支計算書,1,02,支出,01,事業活動による収支,02,事業費支出,14,保険料支出,00,,00,,中区分,保険料支出,1,0,0
CF-02-01-02-15-00-00,CF,別表第一_資金収支計算書,1,02,支出,01,事業活動による収支,02,事業費支出,15,賃借料支出,00,,00,,中区分,賃借料支出,1,0,0
CF-02-01-02-16-00-00,CF,別表第一_資金収支計算書,1,02,支出,01,事業活動による収支,02,事業費支出,16,教育指導費支出,00,,00,,中区分,教育指導費支出,1,0,0
CF-02-01-02-17-00-00,CF,別表第一_資金収支計算書,1,02,支出,01,事業活動による収支,02,事業費支出,17,就職支度費支出,00,,00,,中区分,就職支度費支出,1,0,0
CF-02-01-02-18-00-00,CF,別表第一_資金収支計算書,1,02,支出,01,事業活動による収支,02,事業費支出,18,葬祭費支出,00,,00,,中区分,葬祭費支出,1,0,0
CF-02-01-02-19-00-00,CF,別表第一_資金収支計算書,1,02,支出,01,事業活動による収支,02,事業費支出,19,車輌費支出,00,,00,,中区分,車輌費支出,1,0,0
CF-02-01-02-20-00-00,CF,別表第一_資金収支計算書,1,02,支出,01,事業活動による収支,02,事業費支出,20,管理費返還支出,00,,00,,中区分,管理費返還支出,1,0,0
CF-02-01-02-21-00-00,CF,別表第一_資金収支計算書,1,02,支出,01,事業活動による収支,02,事業費支出,21,（何）費支出,00,,00,,中区分,（何）費支出,1,0,0
CF-02-01-02-22-00-00,CF,別表第一_資金収支計算書,1,02,支出,01,事業活動による収支,02,事業費支出,22,雑支出,00,,00,,中区分,雑支出,1,0,0
CF-02-01-03-00-00-00,CF,別表第一_資金収支計算書,1,02,支出,01,事業活動による収支,03,事務費支出,00,,00,,00,,大区分,事務費支出,1,0,0
CF-02-01-03-01-00-00,CF,別表第一_資金収支計算書,1,02,支出,01,事業活動による収支,03,事務費支出,01,職員被服費支出,00,,00,,中区分,職員被服費支出,1,0,0
CF-02-01-03-02-00-00,CF,別表第一_資金収支計算書,1,02,支出,01,事業活動による収支,03,事務費支出,02,旅費交通費支出,00,,00,,中区分,旅費交通費支出,1,0,0
CF-02-01-03-03-00-00,CF,別表第一_資金収支計算書,1,02,支出,01,事業活動による収支,03,事務費支出,03,研修研究費支出,00,,00,,中区分,研修研究費支出,1,0,0
CF-02-01-03-04-00-00,CF,別表第一_資金収支計算書,1,02,支出,01,事業活動による収支,03,事務費支出,04,事務消耗品費支出,00,,00,,中区分,事務消耗品費支出,1,0,0
CF-02-01-03-05-00-00,CF,別表第一_資金収支計算書,1,02,支出,01,事業活動による収支,03,事務費支出,05,印刷製本費支出,00,,00,,中区分,印刷製本費支出,1,0,0
CF-02-01-03-06-00-00,CF,別表第一_資金収支計算書,1,02,支出,01,事業活動による収支,03,事務費支出,06,水道光熱費支出,00,,00,,中区分,水道光熱費支出,1,0,0
CF-02-01-03-07-00-00,CF,別表第一_資金収支計算書,1,02,支出,01,事業活動による収支,03,事務費支出,07,燃料費支出,00,,00,,中区分,燃料費支出,1,0,0
CF-02-01-03-08-00-00,CF,別表第一_資金収支計算書,1,02,支出,01,事業活動による収支,03,事務費支出,08,修繕費支出,00,,00,,中区分,修繕費支出,1,0,0
CF-02-01-03-09-00-00,CF,別表第一_資金収支計算書,1,02,支出,01,事業活動による収支,03,事務費支出,09,通信運搬費支出,00,,00,,中区分,通信運搬費支出,1,0,0
CF-02-01-03-10-00-00,CF,別表第一_資金収支計算書,1,02,支出,01,事業活動による収支,03,事務費支出,10,会議費支出,00,,00,,中区分,会議費支出,1,0,0
CF-02-01-03-11-00-00,CF,別表第一_資金収支計算書,1,02,支出,01,事業活動による収支,03,事務費支出,11,広報費支出,00,,00,,中区分,広報費支出,1,0,0
CF-02-01-03-12-00-00,CF,別表第一_資金収支計算書,1,02,支出,01,事業活動による収支,03,事務費支出,12,業務委託費支出,00,,00,,中区分,業務委託費支出,1,0,0
CF-02-01-03-13-00-00,CF,別表第一_資金収支計算書,1,02,支出,01,事業活動による収支,03,事務費支出,13,手数料支出,00,,00,,中区分,手数料支出,1,0,0
CF-02-01-03-14-00-00,CF,別表第一_資金収支計算書,1,02,支出,01,事業活動による収支,03,事務費支出,14,保険料支出,00,,00,,中区分,保険料支出,1,0,0
CF-02-01-03-15-00-00,CF,別表第一_資金収支計算書,1,02,支出,01,事業活動による収支,03,事務費支出,15,賃借料支出,00,,00,,中区分,賃借料支出,1,0,0
CF-02-01-03-16-00-00,CF,別表第一_資金収支計算書,1,02,支出,01,事業活動による収支,03,事務費支出,16,土地・建物賃借料支出,00,,00,,中区分,土地・建物賃借料支出,1,0,0
CF-02-01-03-17-00-00,CF,別表第一_資金収支計算書,1,02,支出,01,事業活動による収支,03,事務費支出,17,租税公課支出,00,,00,,中区分,租税公課支出,1,0,0
CF-02-01-03-18-00-00,CF,別表第一_資金収支計算書,1,02,支出,01,事業活動による収支,03,事務費支出,18,保守料支出,00,,00,,中区分,保守料支出,1,0,0
CF-02-01-03-19-00-00,CF,別表第一_資金収支計算書,1,02,支出,01,事業活動による収支,03,事務費支出,19,渉外費支出,00,,00,,中区分,渉外費支出,1,0,0
CF-02-01-03-20-00-00,CF,別表第一_資金収支計算書,1,02,支出,01,事業活動による収支,03,事務費支出,20,諸会費支出,00,,00,,中区分,諸会費支出,1,0,0
CF-02-01-03-21-00-00,CF,別表第一_資金収支計算書,1,02,支出,01,事業活動による収支,03,事務費支出,21,（何）費支出,00,,00,,中区分,（何）費支出,1,0,0
CF-02-01-03-22-00-00,CF,別表第一_資金収支計算書,1,02,支出,01,事業活動による収支,03,事務費支出,22,雑支出,00,,00,,中区分,雑支出,1,0,0
CF-02-01-04-01-00-01,CF,別表第一_資金収支計算書,1,02,支出,01,事業活動による収支,04,就労支援事業支出,01,就労支援事業販売原価支出,00,,01,就労支援事業製造原価支出,小区分,就労支援事業製造原価支出,1,0,0
CF-02-01-04-01-00-02,CF,別表第一_資金収支計算書,1,02,支出,01,事業活動による収支,04,就労支援事業支出,01,就労支援事業販売原価支出,00,,02,就労支援事業仕入支出,小区分,就労支援事業仕入支出,1,0,0
CF-02-01-04-02-00-00,CF,別表第一_資金収支計算書,1,02,支出,01,事業活動による収支,04,就労支援事業支出,02,就労支援事業販管費支出,00,,00,,中区分,就労支援事業販管費支出,1,0,0
CF-02-01-05-00-00-00,CF,別表第一_資金収支計算書,1,02,支出,01,事業活動による収支,05,授産事業支出,00,,00,,00,,大区分,授産事業支出,1,0,0
CF-02-01-06-00-00-00,CF,別表第一_資金収支計算書,1,02,支出,01,事業活動による収支,06,退職共済事業支出,00,,00,,00,,大区分,退職共済事業支出,1,0,0
CF-02-01-07-00-00-00,CF,別表第一_資金収支計算書,1,02,支出,01,事業活動による収支,07,（何）支出,00,,00,,00,,大区分,（何）支出,1,0,0
CF-02-01-08-00-00-00,CF,別表第一_資金収支計算書,1,02,支出,01,事業活動による収支,08,利用者負担軽減額,00,,00,,00,,大区分,利用者負担軽減額,1,0,0
CF-02-01-09-00-00-00,CF,別表第一_資金収支計算書,1,02,支出,01,事業活動による収支,09,支払利息支出,00,,00,,00,,大区分,支払利息支出,1,0,0
CF-02-01-10-00-00-00,CF,別表第一_資金収支計算書,1,02,支出,01,事業活動による収支,10,社会福祉連携推進業務借入金支払利息支出,00,,00,,00,,大区分,社会福祉連携推進業務借入金支払利息支出,1,0,0
CF-02-01-11-00-00-00,CF,別表第一_資金収支計算書,1,02,支出,01,事業活動による収支,11,その他の支出,00,,00,,00,,大区分,その他の支出,1,0,0
CF-02-01-11-01-00-00,CF,別表第一_資金収支計算書,1,02,支出,01,事業活動による収支,11,その他の支出,01,雑支出,00,,00,,中区分,雑支出,1,0,0
CF-02-01-12-00-00-00,CF,別表第一_資金収支計算書,1,02,支出,01,事業活動による収支,12,流動資産評価損等による資金減少額,00,,00,,00,,大区分,流動資産評価損等による資金減少額,1,0,0
CF-02-01-13-00-00-00,CF,別表第一_資金収支計算書,1,02,支出,01,事業活動による収支,13,資産評価損,00,,00,,00,,大区分,資産評価損,1,0,0
CF-02-01-13-01-00-01,CF,別表第一_資金収支計算書,1,02,支出,01,事業活動による収支,13,資産評価損,01,有価証券評価損,00,,01,（何）評価損,小区分,（何）評価損,1,0,0
CF-02-01-13-02-00-00,CF,別表第一_資金収支計算書,1,02,支出,01,事業活動による収支,13,資産評価損,02,為替差損,00,,00,,中区分,為替差損,1,0,0
CF-02-01-13-03-00-00,CF,別表第一_資金収支計算書,1,02,支出,01,事業活動による収支,13,資産評価損,03,貸倒損失額,00,,00,,中区分,貸倒損失額,1,0,0
CF-02-01-13-04-00-00,CF,別表第一_資金収支計算書,1,02,支出,01,事業活動による収支,13,資産評価損,04,徴収不能額,00,,00,,中区分,徴収不能額,1,0,0
CF-02-02-01-00-00-00,CF,別表第一_資金収支計算書,1,02,支出,02,施設整備等による収支,01,設備資金借入金元金償還支出,00,,00,,00,,大区分,設備資金借入金元金償還支出,1,0,0
CF-02-02-02-00-00-00,CF,別表第一_資金収支計算書,1,02,支出,02,施設整備等による収支,02,社会福祉連携推進業務設備資金借入金元金償還支出,00,,00,,00,,大区分,社会福祉連携推進業務設備資金借入金元金償還支出,1,0,0
CF-02-02-03-00-00-00,CF,別表第一_資金収支計算書,1,02,支出,02,施設整備等による収支,03,固定資産取得支出,00,,00,,00,,大区分,固定資産取得支出,1,0,0
CF-02-02-03-01-00-00,CF,別表第一_資金収支計算書,1,02,支出,02,施設整備等による収支,03,固定資産取得支出,01,建物取得支出,00,,00,,中区分,建物取得支出,1,0,0
CF-02-02-03-02-00-00,CF,別表第一_資金収支計算書,1,02,支出,02,施設整備等による収支,03,固定資産取得支出,02,車輌運搬具取得支出,00,,00,,中区分,車輌運搬具取得支出,1,0,0
CF-02-02-03-03-00-00,CF,別表第一_資金収支計算書,1,02,支出,02,施設整備等による収支,03,固定資産取得支出,03,器具及び備品取得支出,00,,00,,中区分,器具及び備品取得支出,1,0,0
CF-02-02-03-04-00-00,CF,別表第一_資金収支計算書,1,02,支出,02,施設整備等による収支,03,固定資産取得支出,04,（何）取得支出,00,,00,,中区分,（何）取得支出,1,0,0
CF-02-02-04-00-00-00,CF,別表第一_資金収支計算書,1,02,支出,02,施設整備等による収支,04,固定資産除却・廃棄支出,00,,00,,00,,大区分,固定資産除却・廃棄支出,1,0,0
CF-02-02-05-00-00-00,CF,別表第一_資金収支計算書,1,02,支出,02,施設整備等による収支,05,ファイナンス・リース債務の返済支出,00,,00,,00,,大区分,ファイナンス・リース債務の返済支出,1,0,0
CF-02-02-06-00-00-00,CF,別表第一_資金収支計算書,1,02,支出,02,施設整備等による収支,06,その他の施設整備等による支出,00,,00,,00,,大区分,その他の施設整備等による支出,1,0,0
CF-02-03-01-00-00-00,CF,別表第一_資金収支計算書,1,02,支出,03,その他の活動による収支,01,長期運営資金借入金元金償還支出,00,,00,,00,,大区分,長期運営資金借入金元金償還支出,1,0,0
CF-02-03-02-00-00-00,CF,別表第一_資金収支計算書,1,02,支出,03,その他の活動による収支,02,役員等長期借入金元金償還支出,00,,00,,00,,大区分,役員等長期借入金元金償還支出,1,0,0
CF-02-03-03-00-00-00,CF,別表第一_資金収支計算書,1,02,支出,03,その他の活動による収支,03,社会福祉連携推進業務長期運営資金借入金元金償還支出,00,,00,,00,,大区分,社会福祉連携推進業務長期運営資金借入金元金償還支出,1,0,0
CF-02-03-04-00-00-00,CF,別表第一_資金収支計算書,1,02,支出,03,その他の活動による収支,04,長期貸付金支出,00,,00,,00,,大区分,長期貸付金支出,1,0,0
CF-02-03-05-00-00-00,CF,別表第一_資金収支計算書,1,02,支出,03,その他の活動による収支,05,社会福祉連携推進業務長期貸付金支出,00,,00,,00,,大区分,社会福祉連携推進業務長期貸付金支出,1,0,0
CF-02-03-06-00-00-00,CF,別表第一_資金収支計算書,1,02,支出,03,その他の活動による収支,06,投資有価証券取得支出,00,,00,,00,,大区分,投資有価証券取得支出,1,0,0
CF-02-03-07-00-00-00,CF,別表第一_資金収支計算書,1,02,支出,03,その他の活動による収支,07,積立資産支出,00,,00,,00,,大区分,積立資産支出,1,0,0
CF-02-03-07-01-00-00,CF,別表第一_資金収支計算書,1,02,支出,03,その他の活動による収支,07,積立資産支出,01,長期預り金積立資産支出,00,,00,,中区分,長期預り金積立資産支出,1,0,0
CF-02-03-07-02-00-00,CF,別表第一_資金収支計算書,1,02,支出,03,その他の活動による収支,07,積立資産支出,02,（何）積立資産支出,00,,00,,中区分,（何）積立資産支出,1,0,0
CF-02-03-08-00-00-00,CF,別表第一_資金収支計算書,1,02,支出,03,その他の活動による収支,08,事業区分間長期貸付金支出,00,,00,,00,,大区分,事業区分間長期貸付金支出,1,0,0
CF-02-03-09-00-00-00,CF,別表第一_資金収支計算書,1,02,支出,03,その他の活動による収支,09,拠点区分間長期貸付金支出,00,,00,,00,,大区分,拠点区分間長期貸付金支出,1,0,0
CF-02-03-10-00-00-00,CF,別表第一_資金収支計算書,1,02,支出,03,その他の活動による収支,10,事業区分間長期借入金返済支出,00,,00,,00,,大区分,事業区分間長期借入金返済支出,1,0,0
CF-02-03-11-00-00-00,CF,別表第一_資金収支計算書,1,02,支出,03,その他の活動による収支,11,拠点区分間長期借入金返済支出,00,,00,,00,,大区分,拠点区分間長期借入金返済支出,1,0,0
CF-02-03-12-00-00-00,CF,別表第一_資金収支計算書,1,02,支出,03,その他の活動による収支,12,事業区分間繰入金支出,00,,00,,00,,大区分,事業区分間繰入金支出,1,0,0
CF-02-03-13-00-00-00,CF,別表第一_資金収支計算書,1,02,支出,03,その他の活動による収支,13,拠点区分間繰入金支出,00,,00,,00,,大区分,拠点区分間繰入金支出,1,0,0
CF-02-03-14-00-00-00,CF,別表第一_資金収支計算書,1,02,支出,03,その他の活動による収支,14,サービス区分間繰入金支出,00,,00,,00,,大区分,サービス区分間繰入金支出,1,0,0
CF-02-03-15-00-00-00,CF,別表第一_資金収支計算書,1,02,支出,03,その他の活動による収支,15,その他の活動による支出,00,,00,,00,,大区分,その他の活動による支出,1,0,0
CF-02-03-15-01-00-00,CF,別表第一_資金収支計算書,1,02,支出,03,その他の活動による収支,15,その他の活動による支出,01,退職共済事業管理資産支出,00,,00,,中区分,退職共済事業管理資産支出,1,0,0
CF-02-03-15-02-00-00,CF,別表第一_資金収支計算書,1,02,支出,03,その他の活動による収支,15,その他の活動による支出,02,（何）支出,00,,00,,中区分,（何）支出,1,0,0
PL-03-01-01-01-00-01,PL,別表第二_事業活動計算書,2,03,収益,01,サービス活動増減の部,01,介護保険事業収益,01,施設介護料収益,00,,01,介護報酬収益,小区分,介護報酬収益,1,0,0
PL-03-01-01-01-00-02,PL,別表第二_事業活動計算書,2,03,収益,01,サービス活動増減の部,01,介護保険事業収益,01,施設介護料収益,00,,02,利用者負担金収益（公費）,小区分,利用者負担金収益（公費）,1,0,0
PL-03-01-01-01-00-03,PL,別表第二_事業活動計算書,2,03,収益,01,サービス活動増減の部,01,介護保険事業収益,01,施設介護料収益,00,,03,利用者負担金収益（一般）,小区分,利用者負担金収益（一般）,1,0,0
PL-03-01-01-02-00-00,PL,別表第二_事業活動計算書,2,03,収益,01,サービス活動増減の部,01,介護保険事業収益,02,居宅介護料収益,00,,00,,中区分,居宅介護料収益,1,0,0
PL-03-01-01-02-01-01,PL,別表第二_事業活動計算書,2,03,収益,01,サービス活動増減の部,01,介護保険事業収益,02,居宅介護料収益,01,（介護報酬収益）,01,介護報酬収益,小区分,介護報酬収益,1,0,0
PL-03-01-01-02-01-02,PL,別表第二_事業活動計算書,2,03,収益,01,サービス活動増減の部,01,介護保険事業収益,02,居宅介護料収益,01,（介護報酬収益）,02,介護予防報酬収益,小区分,介護予防報酬収益,1,0,0
PL-03-01-01-02-02-01,PL,別表第二_事業活動計算書,2,03,収益,01,サービス活動増減の部,01,介護保険事業収益,02,居宅介護料収益,02,（利用者負担金収益）,01,介護負担金収益（公費）,小区分,介護負担金収益（公費）,1,0,0
PL-03-01-01-02-02-02,PL,別表第二_事業活動計算書,2,03,収益,01,サービス活動増減の部,01,介護保険事業収益,02,居宅介護料収益,02,（利用者負担金収益）,02,介護負担金収益（一般）,小区分,介護負担金収益（一般）,1,0,0
PL-03-01-01-02-02-03,PL,別表第二_事業活動計算書,2,03,収益,01,サービス活動増減の部,01,介護保険事業収益,02,居宅介護料収益,02,（利用者負担金収益）,03,介護予防負担金収益（公費）,小区分,介護予防負担金収益（公費）,1,0,0
PL-03-01-01-02-02-04,PL,別表第二_事業活動計算書,2,03,収益,01,サービス活動増減の部,01,介護保険事業収益,02,居宅介護料収益,02,（利用者負担金収益）,04,介護予防負担金収益（一般）,小区分,介護予防負担金収益（一般）,1,0,0
PL-03-01-01-03-00-00,PL,別表第二_事業活動計算書,2,03,収益,01,サービス活動増減の部,01,介護保険事業収益,03,地域密着型介護料収益,00,,00,,中区分,地域密着型介護料収益,1,0,0
PL-03-01-01-03-01-01,PL,別表第二_事業活動計算書,2,03,収益,01,サービス活動増減の部,01,介護保険事業収益,03,地域密着型介護料収益,01,（介護報酬収益）,01,介護報酬収益,小区分,介護報酬収益,1,0,0
PL-03-01-01-03-01-02,PL,別表第二_事業活動計算書,2,03,収益,01,サービス活動増減の部,01,介護保険事業収益,03,地域密着型介護料収益,01,（介護報酬収益）,02,介護予防報酬収益,小区分,介護予防報酬収益,1,0,0
PL-03-01-01-03-02-01,PL,別表第二_事業活動計算書,2,03,収益,01,サービス活動増減の部,01,介護保険事業収益,03,地域密着型介護料収益,02,（利用者負担金収益）,01,介護負担金収益（公費）,小区分,介護負担金収益（公費）,1,0,0
PL-03-01-01-03-02-02,PL,別表第二_事業活動計算書,2,03,収益,01,サービス活動増減の部,01,介護保険事業収益,03,地域密着型介護料収益,02,（利用者負担金収益）,02,介護負担金収益（一般）,小区分,介護負担金収益（一般）,1,0,0
PL-03-01-01-03-02-03,PL,別表第二_事業活動計算書,2,03,収益,01,サービス活動増減の部,01,介護保険事業収益,03,地域密着型介護料収益,02,（利用者負担金収益）,03,介護予防負担金収益（公費）,小区分,介護予防負担金収益（公費）,1,0,0
PL-03-01-01-03-02-04,PL,別表第二_事業活動計算書,2,03,収益,01,サービス活動増減の部,01,介護保険事業収益,03,地域密着型介護料収益,02,（利用者負担金収益）,04,介護予防負担金収益（一般）,小区分,介護予防負担金収益（一般）,1,0,0
PL-03-01-01-04-00-01,PL,別表第二_事業活動計算書,2,03,収益,01,サービス活動増減の部,01,介護保険事業収益,04,居宅介護支援介護料収益,00,,01,居宅介護支援介護料収益,小区分,居宅介護支援介護料収益,1,0,0
PL-03-01-01-04-00-02,PL,別表第二_事業活動計算書,2,03,収益,01,サービス活動増減の部,01,介護保険事業収益,04,居宅介護支援介護料収益,00,,02,介護予防支援介護料収益,小区分,介護予防支援介護料収益,1,0,0
PL-03-01-01-05-00-01,PL,別表第二_事業活動計算書,2,03,収益,01,サービス活動増減の部,01,介護保険事業収益,05,介護予防・日常生活支援総合事業収益,00,,01,事業費収益,小区分,事業費収益,1,0,0
PL-03-01-01-05-00-02,PL,別表第二_事業活動計算書,2,03,収益,01,サービス活動増減の部,01,介護保険事業収益,05,介護予防・日常生活支援総合事業収益,00,,02,事業負担金収益（公費）,小区分,事業負担金収益（公費）,1,0,0
PL-03-01-01-05-00-03,PL,別表第二_事業活動計算書,2,03,収益,01,サービス活動増減の部,01,介護保険事業収益,05,介護予防・日常生活支援総合事業収益,00,,03,事業負担金収益（一般）,小区分,事業負担金収益（一般）,1,0,0
PL-03-01-01-06-00-01,PL,別表第二_事業活動計算書,2,03,収益,01,サービス活動増減の部,01,介護保険事業収益,06,利用者等利用料収益,00,,01,施設サービス利用料収益,小区分,施設サービス利用料収益,1,0,0
PL-03-01-01-06-00-02,PL,別表第二_事業活動計算書,2,03,収益,01,サービス活動増減の部,01,介護保険事業収益,06,利用者等利用料収益,00,,02,居宅介護サービス利用料収益,小区分,居宅介護サービス利用料収益,1,0,0
PL-03-01-01-06-00-03,PL,別表第二_事業活動計算書,2,03,収益,01,サービス活動増減の部,01,介護保険事業収益,06,利用者等利用料収益,00,,03,地域密着型介護サービス利用料収益,小区分,地域密着型介護サービス利用料収益,1,0,0
PL-03-01-01-06-00-04,PL,別表第二_事業活動計算書,2,03,収益,01,サービス活動増減の部,01,介護保険事業収益,06,利用者等利用料収益,00,,04,食費収益（公費）,小区分,食費収益（公費）,1,0,0
PL-03-01-01-06-00-05,PL,別表第二_事業活動計算書,2,03,収益,01,サービス活動増減の部,01,介護保険事業収益,06,利用者等利用料収益,00,,05,食費収益（一般）,小区分,食費収益（一般）,1,0,0
PL-03-01-01-06-00-06,PL,別表第二_事業活動計算書,2,03,収益,01,サービス活動増減の部,01,介護保険事業収益,06,利用者等利用料収益,00,,06,食費収益（特定）,小区分,食費収益（特定）,1,0,0
PL-03-01-01-06-00-07,PL,別表第二_事業活動計算書,2,03,収益,01,サービス活動増減の部,01,介護保険事業収益,06,利用者等利用料収益,00,,07,居住費収益（公費）,小区分,居住費収益（公費）,1,0,0
PL-03-01-01-06-00-08,PL,別表第二_事業活動計算書,2,03,収益,01,サービス活動増減の部,01,介護保険事業収益,06,利用者等利用料収益,00,,08,居住費収益（一般）,小区分,居住費収益（一般）,1,0,0
PL-03-01-01-06-00-09,PL,別表第二_事業活動計算書,2,03,収益,01,サービス活動増減の部,01,介護保険事業収益,06,利用者等利用料収益,00,,09,居住費収益（特定）,小区分,居住費収益（特定）,1,0,0
PL-03-01-01-06-00-10,PL,別表第二_事業活動計算書,2,03,収益,01,サービス活動増減の部,01,介護保険事業収益,06,利用者等利用料収益,00,,10,介護予防・日常生活支援総合事業利用料収益,小区分,介護予防・日常生活支援総合事業利用料収益,1,0,0
PL-03-01-01-06-00-11,PL,別表第二_事業活動計算書,2,03,収益,01,サービス活動増減の部,01,介護保険事業収益,06,利用者等利用料収益,00,,11,その他の利用料収益,小区分,その他の利用料収益,1,0,0
PL-03-01-01-07-00-01,PL,別表第二_事業活動計算書,2,03,収益,01,サービス活動増減の部,01,介護保険事業収益,07,その他の事業収益,00,,01,補助金事業収益（公費）,小区分,補助金事業収益（公費）,1,0,0
PL-03-01-01-07-00-02,PL,別表第二_事業活動計算書,2,03,収益,01,サービス活動増減の部,01,介護保険事業収益,07,その他の事業収益,00,,02,補助金事業収益（一般）,小区分,補助金事業収益（一般）,1,0,0
PL-03-01-01-07-00-03,PL,別表第二_事業活動計算書,2,03,収益,01,サービス活動増減の部,01,介護保険事業収益,07,その他の事業収益,00,,03,市町村特別事業収益（公費）,小区分,市町村特別事業収益（公費）,1,0,0
PL-03-01-01-07-00-04,PL,別表第二_事業活動計算書,2,03,収益,01,サービス活動増減の部,01,介護保険事業収益,07,その他の事業収益,00,,04,市町村特別事業収益（一般）,小区分,市町村特別事業収益（一般）,1,0,0
PL-03-01-01-07-00-05,PL,別表第二_事業活動計算書,2,03,収益,01,サービス活動増減の部,01,介護保険事業収益,07,その他の事業収益,00,,05,受託事業収益（公費）,小区分,受託事業収益（公費）,1,0,0
PL-03-01-01-07-00-06,PL,別表第二_事業活動計算書,2,03,収益,01,サービス活動増減の部,01,介護保険事業収益,07,その他の事業収益,00,,06,受託事業収益（一般）,小区分,受託事業収益（一般）,1,0,0
PL-03-01-01-07-00-07,PL,別表第二_事業活動計算書,2,03,収益,01,サービス活動増減の部,01,介護保険事業収益,07,その他の事業収益,00,,07,その他の事業収益,小区分,その他の事業収益,1,0,0
PL-03-01-01-07-01-00,PL,別表第二_事業活動計算書,2,03,収益,01,サービス活動増減の部,01,介護保険事業収益,07,その他の事業収益,01,（保険等査定減）,00,,内訳グループ,（保険等査定減）,1,0,0
PL-03-01-02-01-00-01,PL,別表第二_事業活動計算書,2,03,収益,01,サービス活動増減の部,02,老人福祉事業収益,01,措置事業収益,00,,01,事務費収益,小区分,事務費収益,1,0,0
PL-03-01-02-01-00-02,PL,別表第二_事業活動計算書,2,03,収益,01,サービス活動増減の部,02,老人福祉事業収益,01,措置事業収益,00,,02,事業費収益,小区分,事業費収益,1,0,0
PL-03-01-02-01-00-03,PL,別表第二_事業活動計算書,2,03,収益,01,サービス活動増減の部,02,老人福祉事業収益,01,措置事業収益,00,,03,その他の利用料収益,小区分,その他の利用料収益,1,0,0
PL-03-01-02-01-00-04,PL,別表第二_事業活動計算書,2,03,収益,01,サービス活動増減の部,02,老人福祉事業収益,01,措置事業収益,00,,04,その他の事業収益,小区分,その他の事業収益,1,0,0
PL-03-01-02-02-00-01,PL,別表第二_事業活動計算書,2,03,収益,01,サービス活動増減の部,02,老人福祉事業収益,02,運営事業収益,00,,01,管理費収益,小区分,管理費収益,1,0,0
PL-03-01-02-02-00-02,PL,別表第二_事業活動計算書,2,03,収益,01,サービス活動増減の部,02,老人福祉事業収益,02,運営事業収益,00,,02,その他の利用料収益,小区分,その他の利用料収益,1,0,0
PL-03-01-02-02-00-03,PL,別表第二_事業活動計算書,2,03,収益,01,サービス活動増減の部,02,老人福祉事業収益,02,運営事業収益,00,,03,補助金事業収益（公費）,小区分,補助金事業収益（公費）,1,0,0
PL-03-01-02-02-00-04,PL,別表第二_事業活動計算書,2,03,収益,01,サービス活動増減の部,02,老人福祉事業収益,02,運営事業収益,00,,04,補助金事業収益（一般）,小区分,補助金事業収益（一般）,1,0,0
PL-03-01-02-02-00-05,PL,別表第二_事業活動計算書,2,03,収益,01,サービス活動増減の部,02,老人福祉事業収益,02,運営事業収益,00,,05,その他の事業収益,小区分,その他の事業収益,1,0,0
PL-03-01-02-03-00-01,PL,別表第二_事業活動計算書,2,03,収益,01,サービス活動増減の部,02,老人福祉事業収益,03,その他の事業収益,00,,01,管理費収益,小区分,管理費収益,1,0,0
PL-03-01-02-03-00-02,PL,別表第二_事業活動計算書,2,03,収益,01,サービス活動増減の部,02,老人福祉事業収益,03,その他の事業収益,00,,02,その他の利用料収益,小区分,その他の利用料収益,1,0,0
PL-03-01-02-03-00-03,PL,別表第二_事業活動計算書,2,03,収益,01,サービス活動増減の部,02,老人福祉事業収益,03,その他の事業収益,00,,03,その他の事業収益,小区分,その他の事業収益,1,0,0
PL-03-01-03-01-00-01,PL,別表第二_事業活動計算書,2,03,収益,01,サービス活動増減の部,03,児童福祉事業収益,01,措置費収益,00,,01,事務費収益,小区分,事務費収益,1,0,0
PL-03-01-03-01-00-02,PL,別表第二_事業活動計算書,2,03,収益,01,サービス活動増減の部,03,児童福祉事業収益,01,措置費収益,00,,02,事業費収益,小区分,事業費収益,1,0,0
PL-03-01-03-02-00-00,PL,別表第二_事業活動計算書,2,03,収益,01,サービス活動増減の部,03,児童福祉事業収益,02,私的契約利用料収益,00,,00,,中区分,私的契約利用料収益,1,0,0
PL-03-01-03-03-00-01,PL,別表第二_事業活動計算書,2,03,収益,01,サービス活動増減の部,03,児童福祉事業収益,03,その他の事業収益,00,,01,補助金事業収益（公費）,小区分,補助金事業収益（公費）,1,0,0
PL-03-01-03-03-00-02,PL,別表第二_事業活動計算書,2,03,収益,01,サービス活動増減の部,03,児童福祉事業収益,03,その他の事業収益,00,,02,補助金事業収益（一般）,小区分,補助金事業収益（一般）,1,0,0
PL-03-01-03-03-00-03,PL,別表第二_事業活動計算書,2,03,収益,01,サービス活動増減の部,03,児童福祉事業収益,03,その他の事業収益,00,,03,受託事業収益（公費）,小区分,受託事業収益（公費）,1,0,0
PL-03-01-03-03-00-04,PL,別表第二_事業活動計算書,2,03,収益,01,サービス活動増減の部,03,児童福祉事業収益,03,その他の事業収益,00,,04,受託事業収益（一般）,小区分,受託事業収益（一般）,1,0,0
PL-03-01-03-03-00-05,PL,別表第二_事業活動計算書,2,03,収益,01,サービス活動増減の部,03,児童福祉事業収益,03,その他の事業収益,00,,05,その他の事業収益,小区分,その他の事業収益,1,0,0
PL-03-01-04-01-00-01,PL,別表第二_事業活動計算書,2,03,収益,01,サービス活動増減の部,04,保育事業収益,01,施設型給付費収益,00,,01,施設型給付費収益,小区分,施設型給付費収益,1,0,0
PL-03-01-04-01-00-02,PL,別表第二_事業活動計算書,2,03,収益,01,サービス活動増減の部,04,保育事業収益,01,施設型給付費収益,00,,02,利用者負担金収益,小区分,利用者負担金収益,1,0,0
PL-03-01-04-02-00-01,PL,別表第二_事業活動計算書,2,03,収益,01,サービス活動増減の部,04,保育事業収益,02,特例施設型給付費収益,00,,01,特例施設型給付費収益,小区分,特例施設型給付費収益,1,0,0
PL-03-01-04-02-00-02,PL,別表第二_事業活動計算書,2,03,収益,01,サービス活動増減の部,04,保育事業収益,02,特例施設型給付費収益,00,,02,利用者負担金収益,小区分,利用者負担金収益,1,0,0
PL-03-01-04-03-00-01,PL,別表第二_事業活動計算書,2,03,収益,01,サービス活動増減の部,04,保育事業収益,03,地域型保育給付費収益,00,,01,地域型保育給付費収益,小区分,地域型保育給付費収益,1,0,0
PL-03-01-04-03-00-02,PL,別表第二_事業活動計算書,2,03,収益,01,サービス活動増減の部,04,保育事業収益,03,地域型保育給付費収益,00,,02,利用者負担金収益,小区分,利用者負担金収益,1,0,0
PL-03-01-04-04-00-01,PL,別表第二_事業活動計算書,2,03,収益,01,サービス活動増減の部,04,保育事業収益,04,特例地域型保育給付費収益,00,,01,特例地域型保育給付費収益,小区分,特例地域型保育給付費収益,1,0,0
PL-03-01-04-04-00-02,PL,別表第二_事業活動計算書,2,03,収益,01,サービス活動増減の部,04,保育事業収益,04,特例地域型保育給付費収益,00,,02,利用者負担金収益,小区分,利用者負担金収益,1,0,0
PL-03-01-04-05-00-00,PL,別表第二_事業活動計算書,2,03,収益,01,サービス活動増減の部,04,保育事業収益,05,委託費収益,00,,00,,中区分,委託費収益,1,0,0
PL-03-01-04-06-00-01,PL,別表第二_事業活動計算書,2,03,収益,01,サービス活動増減の部,04,保育事業収益,06,利用者等利用料収益,00,,01,利用者等利用料収益（公費）,小区分,利用者等利用料収益（公費）,1,0,0
PL-03-01-04-06-00-02,PL,別表第二_事業活動計算書,2,03,収益,01,サービス活動増減の部,04,保育事業収益,06,利用者等利用料収益,00,,02,利用者等利用料収益（一般）,小区分,利用者等利用料収益（一般）,1,0,0
PL-03-01-04-06-00-03,PL,別表第二_事業活動計算書,2,03,収益,01,サービス活動増減の部,04,保育事業収益,06,利用者等利用料収益,00,,03,その他の利用料収益,小区分,その他の利用料収益,1,0,0
PL-03-01-04-07-00-00,PL,別表第二_事業活動計算書,2,03,収益,01,サービス活動増減の部,04,保育事業収益,07,私的契約利用料収益,00,,00,,中区分,私的契約利用料収益,1,0,0
PL-03-01-04-08-00-01,PL,別表第二_事業活動計算書,2,03,収益,01,サービス活動増減の部,04,保育事業収益,08,その他の事業収益,00,,01,補助金事業収益（公費）,小区分,補助金事業収益（公費）,1,0,0
PL-03-01-04-08-00-02,PL,別表第二_事業活動計算書,2,03,収益,01,サービス活動増減の部,04,保育事業収益,08,その他の事業収益,00,,02,補助金事業収益（一般）,小区分,補助金事業収益（一般）,1,0,0
PL-03-01-04-08-00-03,PL,別表第二_事業活動計算書,2,03,収益,01,サービス活動増減の部,04,保育事業収益,08,その他の事業収益,00,,03,受託事業収益（公費）,小区分,受託事業収益（公費）,1,0,0
PL-03-01-04-08-00-04,PL,別表第二_事業活動計算書,2,03,収益,01,サービス活動増減の部,04,保育事業収益,08,その他の事業収益,00,,04,受託事業収益（一般）,小区分,受託事業収益（一般）,1,0,0
PL-03-01-04-08-00-05,PL,別表第二_事業活動計算書,2,03,収益,01,サービス活動増減の部,04,保育事業収益,08,その他の事業収益,00,,05,その他の事業収益,小区分,その他の事業収益,1,0,0
PL-03-01-05-00-00-00,PL,別表第二_事業活動計算書,2,03,収益,01,サービス活動増減の部,05,就労支援事業収益,00,,00,,00,,大区分,就労支援事業収益,1,0,0
PL-03-01-06-01-00-01,PL,別表第二_事業活動計算書,2,03,収益,01,サービス活動増減の部,06,障害福祉サービス等事業収益,01,自立支援給付費収益,00,,01,介護給付費収益,小区分,介護給付費収益,1,0,0
PL-03-01-06-01-00-02,PL,別表第二_事業活動計算書,2,03,収益,01,サービス活動増減の部,06,障害福祉サービス等事業収益,01,自立支援給付費収益,00,,02,特例介護給付費収益,小区分,特例介護給付費収益,1,0,0
PL-03-01-06-01-00-03,PL,別表第二_事業活動計算書,2,03,収益,01,サービス活動増減の部,06,障害福祉サービス等事業収益,01,自立支援給付費収益,00,,03,訓練等給付費収益,小区分,訓練等給付費収益,1,0,0
PL-03-01-06-01-00-04,PL,別表第二_事業活動計算書,2,03,収益,01,サービス活動増減の部,06,障害福祉サービス等事業収益,01,自立支援給付費収益,00,,04,特例訓練等給付費収益,小区分,特例訓練等給付費収益,1,0,0
PL-03-01-06-01-00-05,PL,別表第二_事業活動計算書,2,03,収益,01,サービス活動増減の部,06,障害福祉サービス等事業収益,01,自立支援給付費収益,00,,05,地域相談支援給付費収益,小区分,地域相談支援給付費収益,1,0,0
PL-03-01-06-01-00-06,PL,別表第二_事業活動計算書,2,03,収益,01,サービス活動増減の部,06,障害福祉サービス等事業収益,01,自立支援給付費収益,00,,06,特例地域相談支援給付費収益,小区分,特例地域相談支援給付費収益,1,0,0
PL-03-01-06-01-00-07,PL,別表第二_事業活動計算書,2,03,収益,01,サービス活動増減の部,06,障害福祉サービス等事業収益,01,自立支援給付費収益,00,,07,計画相談支援給付費収益,小区分,計画相談支援給付費収益,1,0,0
PL-03-01-06-01-00-08,PL,別表第二_事業活動計算書,2,03,収益,01,サービス活動増減の部,06,障害福祉サービス等事業収益,01,自立支援給付費収益,00,,08,特例計画相談支援給付費収益,小区分,特例計画相談支援給付費収益,1,0,0
PL-03-01-06-02-00-01,PL,別表第二_事業活動計算書,2,03,収益,01,サービス活動増減の部,06,障害福祉サービス等事業収益,02,障害児施設給付費収益,00,,01,障害児通所給付費収益,小区分,障害児通所給付費収益,1,0,0
PL-03-01-06-02-00-02,PL,別表第二_事業活動計算書,2,03,収益,01,サービス活動増減の部,06,障害福祉サービス等事業収益,02,障害児施設給付費収益,00,,02,特例障害児通所給付費収益,小区分,特例障害児通所給付費収益,1,0,0
PL-03-01-06-02-00-03,PL,別表第二_事業活動計算書,2,03,収益,01,サービス活動増減の部,06,障害福祉サービス等事業収益,02,障害児施設給付費収益,00,,03,障害児入所給付費収益,小区分,障害児入所給付費収益,1,0,0
PL-03-01-06-02-00-04,PL,別表第二_事業活動計算書,2,03,収益,01,サービス活動増減の部,06,障害福祉サービス等事業収益,02,障害児施設給付費収益,00,,04,障害児相談支援給付費収益,小区分,障害児相談支援給付費収益,1,0,0
PL-03-01-06-02-00-05,PL,別表第二_事業活動計算書,2,03,収益,01,サービス活動増減の部,06,障害福祉サービス等事業収益,02,障害児施設給付費収益,00,,05,特例障害児相談支援給付費収益,小区分,特例障害児相談支援給付費収益,1,0,0
PL-03-01-06-03-00-00,PL,別表第二_事業活動計算書,2,03,収益,01,サービス活動増減の部,06,障害福祉サービス等事業収益,03,利用者負担金収益,00,,00,,中区分,利用者負担金収益,1,0,0
PL-03-01-06-04-00-01,PL,別表第二_事業活動計算書,2,03,収益,01,サービス活動増減の部,06,障害福祉サービス等事業収益,04,補足給付費収益,00,,01,特定障害者特別給付費収益,小区分,特定障害者特別給付費収益,1,0,0
PL-03-01-06-04-00-02,PL,別表第二_事業活動計算書,2,03,収益,01,サービス活動増減の部,06,障害福祉サービス等事業収益,04,補足給付費収益,00,,02,特例特定障害者特別給付費収益,小区分,特例特定障害者特別給付費収益,1,0,0
PL-03-01-06-04-00-03,PL,別表第二_事業活動計算書,2,03,収益,01,サービス活動増減の部,06,障害福祉サービス等事業収益,04,補足給付費収益,00,,03,特定入所障害児食費等給付費収益,小区分,特定入所障害児食費等給付費収益,1,0,0
PL-03-01-06-05-00-00,PL,別表第二_事業活動計算書,2,03,収益,01,サービス活動増減の部,06,障害福祉サービス等事業収益,05,特定費用収益,00,,00,,中区分,特定費用収益,1,0,0
PL-03-01-06-06-00-01,PL,別表第二_事業活動計算書,2,03,収益,01,サービス活動増減の部,06,障害福祉サービス等事業収益,06,その他の事業収益,00,,01,補助金事業収益（公費）,小区分,補助金事業収益（公費）,1,0,0
PL-03-01-06-06-00-02,PL,別表第二_事業活動計算書,2,03,収益,01,サービス活動増減の部,06,障害福祉サービス等事業収益,06,その他の事業収益,00,,02,補助金事業収益（一般）,小区分,補助金事業収益（一般）,1,0,0
PL-03-01-06-06-00-03,PL,別表第二_事業活動計算書,2,03,収益,01,サービス活動増減の部,06,障害福祉サービス等事業収益,06,その他の事業収益,00,,03,受託事業収益（公費）,小区分,受託事業収益（公費）,1,0,0
PL-03-01-06-06-00-04,PL,別表第二_事業活動計算書,2,03,収益,01,サービス活動増減の部,06,障害福祉サービス等事業収益,06,その他の事業収益,00,,04,受託事業収益（一般）,小区分,受託事業収益（一般）,1,0,0
PL-03-01-06-06-00-05,PL,別表第二_事業活動計算書,2,03,収益,01,サービス活動増減の部,06,障害福祉サービス等事業収益,06,その他の事業収益,00,,05,その他の事業収益,小区分,その他の事業収益,1,0,0
PL-03-01-06-06-01-00,PL,別表第二_事業活動計算書,2,03,収益,01,サービス活動増減の部,06,障害福祉サービス等事業収益,06,その他の事業収益,01,（保険等査定減）,00,,内訳グループ,（保険等査定減）,1,0,0
PL-03-01-07-01-00-01,PL,別表第二_事業活動計算書,2,03,収益,01,サービス活動増減の部,07,生活保護事業収益,01,措置費収益,00,,01,事務費収益,小区分,事務費収益,1,0,0
PL-03-01-07-01-00-02,PL,別表第二_事業活動計算書,2,03,収益,01,サービス活動増減の部,07,生活保護事業収益,01,措置費収益,00,,02,事業費収益,小区分,事業費収益,1,0,0
PL-03-01-07-02-00-01,PL,別表第二_事業活動計算書,2,03,収益,01,サービス活動増減の部,07,生活保護事業収益,02,授産事業収益,00,,01,（何）事業収益,小区分,（何）事業収益,1,0,0
PL-03-01-07-03-00-00,PL,別表第二_事業活動計算書,2,03,収益,01,サービス活動増減の部,07,生活保護事業収益,03,利用者負担金収益,00,,00,,中区分,利用者負担金収益,1,0,0
PL-03-01-07-04-00-01,PL,別表第二_事業活動計算書,2,03,収益,01,サービス活動増減の部,07,生活保護事業収益,04,その他の事業収益,00,,01,補助金事業収益（公費）,小区分,補助金事業収益（公費）,1,0,0
PL-03-01-07-04-00-02,PL,別表第二_事業活動計算書,2,03,収益,01,サービス活動増減の部,07,生活保護事業収益,04,その他の事業収益,00,,02,補助金事業収益（一般）,小区分,補助金事業収益（一般）,1,0,0
PL-03-01-07-04-00-03,PL,別表第二_事業活動計算書,2,03,収益,01,サービス活動増減の部,07,生活保護事業収益,04,その他の事業収益,00,,03,受託事業収益（公費）,小区分,受託事業収益（公費）,1,0,0
PL-03-01-07-04-00-04,PL,別表第二_事業活動計算書,2,03,収益,01,サービス活動増減の部,07,生活保護事業収益,04,その他の事業収益,00,,04,受託事業収益（一般）,小区分,受託事業収益（一般）,1,0,0
PL-03-01-07-04-00-05,PL,別表第二_事業活動計算書,2,03,収益,01,サービス活動増減の部,07,生活保護事業収益,04,その他の事業収益,00,,05,その他の事業収益,小区分,その他の事業収益,1,0,0
PL-03-01-08-00-00-00,PL,別表第二_事業活動計算書,2,03,収益,01,サービス活動増減の部,08,医療事業収益,00,,00,,00,,大区分,医療事業収益,1,0,0
PL-03-01-08-01-00-00,PL,別表第二_事業活動計算書,2,03,収益,01,サービス活動増減の部,08,医療事業収益,01,入院診療収益（一般）,00,,00,,中区分,入院診療収益（一般）,1,0,0
PL-03-01-08-02-00-00,PL,別表第二_事業活動計算書,2,03,収益,01,サービス活動増減の部,08,医療事業収益,02,室料差額収益,00,,00,,中区分,室料差額収益,1,0,0
PL-03-01-08-03-00-00,PL,別表第二_事業活動計算書,2,03,収益,01,サービス活動増減の部,08,医療事業収益,03,外来診療収益（公費）,00,,00,,中区分,外来診療収益（公費）,1,0,0
PL-03-01-08-04-00-00,PL,別表第二_事業活動計算書,2,03,収益,01,サービス活動増減の部,08,医療事業収益,04,外来診療収益（一般）,00,,00,,中区分,外来診療収益（一般）,1,0,0
PL-03-01-08-05-00-00,PL,別表第二_事業活動計算書,2,03,収益,01,サービス活動増減の部,08,医療事業収益,05,保健予防活動収益,00,,00,,中区分,保健予防活動収益,1,0,0
PL-03-01-08-06-00-00,PL,別表第二_事業活動計算書,2,03,収益,01,サービス活動増減の部,08,医療事業収益,06,受託検査・施設利用収益,00,,00,,中区分,受託検査・施設利用収益,1,0,0
PL-03-01-08-07-00-00,PL,別表第二_事業活動計算書,2,03,収益,01,サービス活動増減の部,08,医療事業収益,07,訪問看護療養費収益（公費）,00,,00,,中区分,訪問看護療養費収益（公費）,1,0,0
PL-03-01-08-08-00-00,PL,別表第二_事業活動計算書,2,03,収益,01,サービス活動増減の部,08,医療事業収益,08,訪問看護療養費収益（一般）,00,,00,,中区分,訪問看護療養費収益（一般）,1,0,0
PL-03-01-08-09-00-01,PL,別表第二_事業活動計算書,2,03,収益,01,サービス活動増減の部,08,医療事業収益,09,訪問看護利用料収益,00,,01,訪問看護基本利用料収益,小区分,訪問看護基本利用料収益,1,0,0
PL-03-01-08-09-00-02,PL,別表第二_事業活動計算書,2,03,収益,01,サービス活動増減の部,08,医療事業収益,09,訪問看護利用料収益,00,,02,訪問看護その他の利用料収益,小区分,訪問看護その他の利用料収益,1,0,0
PL-03-01-08-10-00-01,PL,別表第二_事業活動計算書,2,03,収益,01,サービス活動増減の部,08,医療事業収益,10,その他の医療事業収益,00,,01,補助金事業収益（公費）,小区分,補助金事業収益（公費）,1,0,0
PL-03-01-08-10-00-02,PL,別表第二_事業活動計算書,2,03,収益,01,サービス活動増減の部,08,医療事業収益,10,その他の医療事業収益,00,,02,補助金事業収益（一般）,小区分,補助金事業収益（一般）,1,0,0
PL-03-01-08-10-00-03,PL,別表第二_事業活動計算書,2,03,収益,01,サービス活動増減の部,08,医療事業収益,10,その他の医療事業収益,00,,03,受託事業収益（公費）,小区分,受託事業収益（公費）,1,0,0
PL-03-01-08-10-00-04,PL,別表第二_事業活動計算書,2,03,収益,01,サービス活動増減の部,08,医療事業収益,10,その他の医療事業収益,00,,04,受託事業収益（一般）,小区分,受託事業収益（一般）,1,0,0
PL-03-01-08-10-00-05,PL,別表第二_事業活動計算書,2,03,収益,01,サービス活動増減の部,08,医療事業収益,10,その他の医療事業収益,00,,05,その他の医業収益,小区分,その他の医業収益,1,0,0
PL-03-01-08-10-01-00,PL,別表第二_事業活動計算書,2,03,収益,01,サービス活動増減の部,08,医療事業収益,10,その他の医療事業収益,01,（保険等査定減）,00,,内訳グループ,（保険等査定減）,1,0,0
PL-03-01-09-00-00-00,PL,別表第二_事業活動計算書,2,03,収益,01,サービス活動増減の部,09,退職共済事業収益,00,,00,,00,,大区分,退職共済事業収益,1,0,0
PL-03-01-10-00-00-00,PL,別表第二_事業活動計算書,2,03,収益,01,サービス活動増減の部,10,（何）事業収益,00,,00,,00,,大区分,（何）事業収益,1,0,0
PL-03-01-10-01-00-01,PL,別表第二_事業活動計算書,2,03,収益,01,サービス活動増減の部,10,（何）事業収益,01,その他の事業収益,00,,01,補助金事業収益（公費）,小区分,補助金事業収益（公費）,1,0,0
PL-03-01-10-01-00-02,PL,別表第二_事業活動計算書,2,03,収益,01,サービス活動増減の部,10,（何）事業収益,01,その他の事業収益,00,,02,補助金事業収益（一般）,小区分,補助金事業収益（一般）,1,0,0
PL-03-01-10-01-00-03,PL,別表第二_事業活動計算書,2,03,収益,01,サービス活動増減の部,10,（何）事業収益,01,その他の事業収益,00,,03,受託事業収益（公費）,小区分,受託事業収益（公費）,1,0,0
PL-03-01-10-01-00-04,PL,別表第二_事業活動計算書,2,03,収益,01,サービス活動増減の部,10,（何）事業収益,01,その他の事業収益,00,,04,受託事業収益（一般）,小区分,受託事業収益（一般）,1,0,0
PL-03-01-10-01-00-05,PL,別表第二_事業活動計算書,2,03,収益,01,サービス活動増減の部,10,（何）事業収益,01,その他の事業収益,00,,05,その他の事業収益,小区分,その他の事業収益,1,0,0
PL-03-01-11-00-00-00,PL,別表第二_事業活動計算書,2,03,収益,01,サービス活動増減の部,11,（何）収益,00,,00,,00,,大区分,（何）収益,1,0,0
PL-03-01-12-00-00-00,PL,別表第二_事業活動計算書,2,03,収益,01,サービス活動増減の部,12,経常経費寄附金収益,00,,00,,00,,大区分,経常経費寄附金収益,1,0,0
PL-03-01-13-00-00-00,PL,別表第二_事業活動計算書,2,03,収益,01,サービス活動増減の部,13,その他の収益,00,,00,,00,,大区分,その他の収益,1,0,0
PL-03-02-01-00-00-00,PL,別表第二_事業活動計算書,2,03,収益,02,サービス活動外増減の部,01,借入金利息補助金収益,00,,00,,00,,大区分,借入金利息補助金収益,1,0,0
PL-03-02-02-00-00-00,PL,別表第二_事業活動計算書,2,03,収益,02,サービス活動外増減の部,02,受取利息配当金収益,00,,00,,00,,大区分,受取利息配当金収益,1,0,0
PL-03-02-03-00-00-00,PL,別表第二_事業活動計算書,2,03,収益,02,サービス活動外増減の部,03,社会福祉連携推進業務貸付金受取利息収益,00,,00,,00,,大区分,社会福祉連携推進業務貸付金受取利息収益,1,0,0
PL-03-02-04-00-00-00,PL,別表第二_事業活動計算書,2,03,収益,02,サービス活動外増減の部,04,有価証券評価益,00,,00,,00,,大区分,有価証券評価益,1,0,0
PL-03-02-05-00-00-00,PL,別表第二_事業活動計算書,2,03,収益,02,サービス活動外増減の部,05,有価証券売却益,00,,00,,00,,大区分,有価証券売却益,1,0,0
PL-03-02-06-00-00-00,PL,別表第二_事業活動計算書,2,03,収益,02,サービス活動外増減の部,06,基本財産評価益,00,,00,,00,,大区分,基本財産評価益,1,0,0
PL-03-02-07-00-00-00,PL,別表第二_事業活動計算書,2,03,収益,02,サービス活動外増減の部,07,投資有価証券評価益,00,,00,,00,,大区分,投資有価証券評価益,1,0,0
PL-03-02-08-00-00-00,PL,別表第二_事業活動計算書,2,03,収益,02,サービス活動外増減の部,08,投資有価証券売却益,00,,00,,00,,大区分,投資有価証券売却益,1,0,0
PL-03-02-09-00-00-00,PL,別表第二_事業活動計算書,2,03,収益,02,サービス活動外増減の部,09,積立資産評価益,00,,00,,00,,大区分,積立資産評価益,1,0,0
PL-03-02-10-00-00-00,PL,別表第二_事業活動計算書,2,03,収益,02,サービス活動外増減の部,10,その他のサービス活動外収益,00,,00,,00,,大区分,その他のサービス活動外収益,1,0,0
PL-03-02-10-01-00-00,PL,別表第二_事業活動計算書,2,03,収益,02,サービス活動外増減の部,10,その他のサービス活動外収益,01,利用者等外給食収益,00,,00,,中区分,利用者等外給食収益,1,0,0
PL-03-02-10-02-00-00,PL,別表第二_事業活動計算書,2,03,収益,02,サービス活動外増減の部,10,その他のサービス活動外収益,02,為替差益,00,,00,,中区分,為替差益,1,0,0
PL-03-02-10-03-00-00,PL,別表第二_事業活動計算書,2,03,収益,02,サービス活動外増減の部,10,その他のサービス活動外収益,03,退職共済事業管理資産評価益,00,,00,,中区分,退職共済事業管理資産評価益,1,0,0
PL-03-02-10-04-00-00,PL,別表第二_事業活動計算書,2,03,収益,02,サービス活動外増減の部,10,その他のサービス活動外収益,04,退職共済預り金戻入額,00,,00,,中区分,退職共済預り金戻入額,1,0,0
PL-03-02-10-05-00-00,PL,別表第二_事業活動計算書,2,03,収益,02,サービス活動外増減の部,10,その他のサービス活動外収益,05,雑収益,00,,00,,中区分,雑収益,1,0,0
PL-03-03-01-00-00-00,PL,別表第二_事業活動計算書,2,03,収益,03,特別増減の部,01,施設整備等補助金収益,00,,00,,00,,大区分,施設整備等補助金収益,1,0,0
PL-03-03-01-01-00-00,PL,別表第二_事業活動計算書,2,03,収益,03,特別増減の部,01,施設整備等補助金収益,01,設備資金借入金元金償還補助金収益,00,,00,,中区分,設備資金借入金元金償還補助金収益,1,0,0
PL-03-03-02-00-00-00,PL,別表第二_事業活動計算書,2,03,収益,03,特別増減の部,02,施設整備等寄附金収益,00,,00,,00,,大区分,施設整備等寄附金収益,1,0,0
PL-03-03-02-01-00-00,PL,別表第二_事業活動計算書,2,03,収益,03,特別増減の部,02,施設整備等寄附金収益,01,設備資金借入金元金償還寄附金収益,00,,00,,中区分,設備資金借入金元金償還寄附金収益,1,0,0
PL-03-03-03-00-00-00,PL,別表第二_事業活動計算書,2,03,収益,03,特別増減の部,03,長期運営資金借入金元金償還寄附金収益,00,,00,,00,,大区分,長期運営資金借入金元金償還寄附金収益,1,0,0
PL-03-03-04-00-00-00,PL,別表第二_事業活動計算書,2,03,収益,03,特別増減の部,04,固定資産受贈額,00,,00,,00,,大区分,固定資産受贈額,1,0,0
PL-03-03-05-00-00-00,PL,別表第二_事業活動計算書,2,03,収益,03,特別増減の部,05,固定資産売却益,00,,00,,00,,大区分,固定資産売却益,1,0,0
PL-03-03-05-01-00-00,PL,別表第二_事業活動計算書,2,03,収益,03,特別増減の部,05,固定資産売却益,01,器具及び備品売却益,00,,00,,中区分,器具及び備品売却益,1,0,0
PL-03-03-05-02-00-00,PL,別表第二_事業活動計算書,2,03,収益,03,特別増減の部,05,固定資産売却益,02,（何）売却益,00,,00,,中区分,（何）売却益,1,0,0
PL-03-03-06-00-00-00,PL,別表第二_事業活動計算書,2,03,収益,03,特別増減の部,06,事業区分間繰入金収益,00,,00,,00,,大区分,事業区分間繰入金収益,1,0,0
PL-03-03-07-00-00-00,PL,別表第二_事業活動計算書,2,03,収益,03,特別増減の部,07,拠点区分間繰入金収益,00,,00,,00,,大区分,拠点区分間繰入金収益,1,0,0
PL-03-03-08-00-00-00,PL,別表第二_事業活動計算書,2,03,収益,03,特別増減の部,08,事業区分間固定資産移管収益,00,,00,,00,,大区分,事業区分間固定資産移管収益,1,0,0
PL-03-03-09-00-00-00,PL,別表第二_事業活動計算書,2,03,収益,03,特別増減の部,09,拠点区分間固定資産移管収益,00,,00,,00,,大区分,拠点区分間固定資産移管収益,1,0,0
PL-03-03-10-00-00-00,PL,別表第二_事業活動計算書,2,03,収益,03,特別増減の部,10,その他の特別収益,00,,00,,00,,大区分,その他の特別収益,1,0,0
PL-03-03-10-01-00-00,PL,別表第二_事業活動計算書,2,03,収益,03,特別増減の部,10,その他の特別収益,01,徴収不能引当金戻入益,00,,00,,中区分,徴収不能引当金戻入益,1,0,0
PL-04-01-01-00-00-00,PL,別表第二_事業活動計算書,3,04,費用,01,サービス活動増減の部,01,人件費,00,,00,,00,,大区分,人件費,1,0,0
PL-04-01-01-01-00-00,PL,別表第二_事業活動計算書,3,04,費用,01,サービス活動増減の部,01,人件費,01,役員退職慰労金,00,,00,,中区分,役員退職慰労金,1,0,0
PL-04-01-01-02-00-00,PL,別表第二_事業活動計算書,3,04,費用,01,サービス活動増減の部,01,人件費,02,役員退職慰労引当金繰入,00,,00,,中区分,役員退職慰労引当金繰入,1,0,0
PL-04-01-01-03-00-00,PL,別表第二_事業活動計算書,3,04,費用,01,サービス活動増減の部,01,人件費,03,職員給料,00,,00,,中区分,職員給料,1,0,0
PL-04-01-01-04-00-00,PL,別表第二_事業活動計算書,3,04,費用,01,サービス活動増減の部,01,人件費,04,職員賞与,00,,00,,中区分,職員賞与,1,0,0
PL-04-01-01-05-00-00,PL,別表第二_事業活動計算書,3,04,費用,01,サービス活動増減の部,01,人件費,05,賞与引当金繰入,00,,00,,中区分,賞与引当金繰入,1,0,0
PL-04-01-01-06-00-00,PL,別表第二_事業活動計算書,3,04,費用,01,サービス活動増減の部,01,人件費,06,非常勤職員給与,00,,00,,中区分,非常勤職員給与,1,0,0
PL-04-01-01-07-00-00,PL,別表第二_事業活動計算書,3,04,費用,01,サービス活動増減の部,01,人件費,07,派遣職員費,00,,00,,中区分,派遣職員費,1,0,0
PL-04-01-01-08-00-00,PL,別表第二_事業活動計算書,3,04,費用,01,サービス活動増減の部,01,人件費,08,退職給付費用,00,,00,,中区分,退職給付費用,1,0,0
PL-04-01-01-09-00-00,PL,別表第二_事業活動計算書,3,04,費用,01,サービス活動増減の部,01,人件費,09,法定福利費,00,,00,,中区分,法定福利費,1,0,0
PL-04-01-02-00-00-00,PL,別表第二_事業活動計算書,3,04,費用,01,サービス活動増減の部,02,事業費,00,,00,,00,,大区分,事業費,1,0,0
PL-04-01-02-01-00-00,PL,別表第二_事業活動計算書,3,04,費用,01,サービス活動増減の部,02,事業費,01,介護用品費,00,,00,,中区分,介護用品費,1,0,0
PL-04-01-02-02-00-00,PL,別表第二_事業活動計算書,3,04,費用,01,サービス活動増減の部,02,事業費,02,医薬品費,00,,00,,中区分,医薬品費,1,0,0
PL-04-01-02-03-00-00,PL,別表第二_事業活動計算書,3,04,費用,01,サービス活動増減の部,02,事業費,03,診療・療養等材料費,00,,00,,中区分,診療・療養等材料費,1,0,0
PL-04-01-02-04-00-00,PL,別表第二_事業活動計算書,3,04,費用,01,サービス活動増減の部,02,事業費,04,保健衛生費,00,,00,,中区分,保健衛生費,1,0,0
PL-04-01-02-05-00-00,PL,別表第二_事業活動計算書,3,04,費用,01,サービス活動増減の部,02,事業費,05,医療費,00,,00,,中区分,医療費,1,0,0
PL-04-01-02-06-00-00,PL,別表第二_事業活動計算書,3,04,費用,01,サービス活動増減の部,02,事業費,06,被服費,00,,00,,中区分,被服費,1,0,0
PL-04-01-02-07-00-00,PL,別表第二_事業活動計算書,3,04,費用,01,サービス活動増減の部,02,事業費,07,教養娯楽費,00,,00,,中区分,教養娯楽費,1,0,0
PL-04-01-02-08-00-00,PL,別表第二_事業活動計算書,3,04,費用,01,サービス活動増減の部,02,事業費,08,日用品費,00,,00,,中区分,日用品費,1,0,0
PL-04-01-02-09-00-00,PL,別表第二_事業活動計算書,3,04,費用,01,サービス活動増減の部,02,事業費,09,保育材料費,00,,00,,中区分,保育材料費,1,0,0
PL-04-01-02-10-00-00,PL,別表第二_事業活動計算書,3,04,費用,01,サービス活動増減の部,02,事業費,10,本人支給金,00,,00,,中区分,本人支給金,1,0,0
PL-04-01-02-11-00-00,PL,別表第二_事業活動計算書,3,04,費用,01,サービス活動増減の部,02,事業費,11,水道光熱費,00,,00,,中区分,水道光熱費,1,0,0
PL-04-01-02-12-00-00,PL,別表第二_事業活動計算書,3,04,費用,01,サービス活動増減の部,02,事業費,12,燃料費,00,,00,,中区分,燃料費,1,0,0
PL-04-01-02-13-00-00,PL,別表第二_事業活動計算書,3,04,費用,01,サービス活動増減の部,02,事業費,13,消耗器具備品費,00,,00,,中区分,消耗器具備品費,1,0,0
PL-04-01-02-14-00-00,PL,別表第二_事業活動計算書,3,04,費用,01,サービス活動増減の部,02,事業費,14,保険料,00,,00,,中区分,保険料,1,0,0
PL-04-01-02-15-00-00,PL,別表第二_事業活動計算書,3,04,費用,01,サービス活動増減の部,02,事業費,15,賃借料,00,,00,,中区分,賃借料,1,0,0
PL-04-01-02-16-00-00,PL,別表第二_事業活動計算書,3,04,費用,01,サービス活動増減の部,02,事業費,16,教育指導費,00,,00,,中区分,教育指導費,1,0,0
PL-04-01-02-17-00-00,PL,別表第二_事業活動計算書,3,04,費用,01,サービス活動増減の部,02,事業費,17,就職支度費,00,,00,,中区分,就職支度費,1,0,0
PL-04-01-02-18-00-00,PL,別表第二_事業活動計算書,3,04,費用,01,サービス活動増減の部,02,事業費,18,葬祭費,00,,00,,中区分,葬祭費,1,0,0
PL-04-01-02-19-00-00,PL,別表第二_事業活動計算書,3,04,費用,01,サービス活動増減の部,02,事業費,19,車輌費,00,,00,,中区分,車輌費,1,0,0
PL-04-01-02-20-00-00,PL,別表第二_事業活動計算書,3,04,費用,01,サービス活動増減の部,02,事業費,20,棚卸資産評価損,00,,00,,中区分,棚卸資産評価損,1,0,0
PL-04-01-02-21-00-00,PL,別表第二_事業活動計算書,3,04,費用,01,サービス活動増減の部,02,事業費,21,（何）費,00,,00,,中区分,（何）費,1,0,0
PL-04-01-02-22-00-00,PL,別表第二_事業活動計算書,3,04,費用,01,サービス活動増減の部,02,事業費,22,雑費,00,,00,,中区分,雑費,1,0,0
PL-04-01-03-00-00-00,PL,別表第二_事業活動計算書,3,04,費用,01,サービス活動増減の部,03,事務費,00,,00,,00,,大区分,事務費,1,0,0
PL-04-01-03-01-00-00,PL,別表第二_事業活動計算書,3,04,費用,01,サービス活動増減の部,03,事務費,01,職員被服費,00,,00,,中区分,職員被服費,1,0,0
PL-04-01-03-02-00-00,PL,別表第二_事業活動計算書,3,04,費用,01,サービス活動増減の部,03,事務費,02,旅費交通費,00,,00,,中区分,旅費交通費,1,0,0
PL-04-01-03-03-00-00,PL,別表第二_事業活動計算書,3,04,費用,01,サービス活動増減の部,03,事務費,03,研修研究費,00,,00,,中区分,研修研究費,1,0,0
PL-04-01-03-04-00-00,PL,別表第二_事業活動計算書,3,04,費用,01,サービス活動増減の部,03,事務費,04,事務消耗品費,00,,00,,中区分,事務消耗品費,1,0,0
PL-04-01-03-05-00-00,PL,別表第二_事業活動計算書,3,04,費用,01,サービス活動増減の部,03,事務費,05,印刷製本費,00,,00,,中区分,印刷製本費,1,0,0
PL-04-01-03-06-00-00,PL,別表第二_事業活動計算書,3,04,費用,01,サービス活動増減の部,03,事務費,06,水道光熱費,00,,00,,中区分,水道光熱費,1,0,0
PL-04-01-03-07-00-00,PL,別表第二_事業活動計算書,3,04,費用,01,サービス活動増減の部,03,事務費,07,燃料費,00,,00,,中区分,燃料費,1,0,0
PL-04-01-03-08-00-00,PL,別表第二_事業活動計算書,3,04,費用,01,サービス活動増減の部,03,事務費,08,修繕費,00,,00,,中区分,修繕費,1,0,0
PL-04-01-03-09-00-00,PL,別表第二_事業活動計算書,3,04,費用,01,サービス活動増減の部,03,事務費,09,通信運搬費,00,,00,,中区分,通信運搬費,1,0,0
PL-04-01-03-10-00-00,PL,別表第二_事業活動計算書,3,04,費用,01,サービス活動増減の部,03,事務費,10,会議費,00,,00,,中区分,会議費,1,0,0
PL-04-01-03-11-00-00,PL,別表第二_事業活動計算書,3,04,費用,01,サービス活動増減の部,03,事務費,11,広報費,00,,00,,中区分,広報費,1,0,0
PL-04-01-03-12-00-00,PL,別表第二_事業活動計算書,3,04,費用,01,サービス活動増減の部,03,事務費,12,業務委託費,00,,00,,中区分,業務委託費,1,0,0
PL-04-01-03-13-00-00,PL,別表第二_事業活動計算書,3,04,費用,01,サービス活動増減の部,03,事務費,13,手数料,00,,00,,中区分,手数料,1,0,0
PL-04-01-03-14-00-00,PL,別表第二_事業活動計算書,3,04,費用,01,サービス活動増減の部,03,事務費,14,保険料,00,,00,,中区分,保険料,1,0,0
PL-04-01-03-15-00-00,PL,別表第二_事業活動計算書,3,04,費用,01,サービス活動増減の部,03,事務費,15,賃借料,00,,00,,中区分,賃借料,1,0,0
PL-04-01-03-16-00-00,PL,別表第二_事業活動計算書,3,04,費用,01,サービス活動増減の部,03,事務費,16,土地・建物賃借料,00,,00,,中区分,土地・建物賃借料,1,0,0
PL-04-01-03-17-00-00,PL,別表第二_事業活動計算書,3,04,費用,01,サービス活動増減の部,03,事務費,17,租税公課,00,,00,,中区分,租税公課,1,0,0
PL-04-01-03-18-00-00,PL,別表第二_事業活動計算書,3,04,費用,01,サービス活動増減の部,03,事務費,18,保守料,00,,00,,中区分,保守料,1,0,0
PL-04-01-03-19-00-00,PL,別表第二_事業活動計算書,3,04,費用,01,サービス活動増減の部,03,事務費,19,渉外費,00,,00,,中区分,渉外費,1,0,0
PL-04-01-03-20-00-00,PL,別表第二_事業活動計算書,3,04,費用,01,サービス活動増減の部,03,事務費,20,諸会費,00,,00,,中区分,諸会費,1,0,0
PL-04-01-03-21-00-00,PL,別表第二_事業活動計算書,3,04,費用,01,サービス活動増減の部,03,事務費,21,（何）費,00,,00,,中区分,（何）費,1,0,0
PL-04-01-03-22-00-00,PL,別表第二_事業活動計算書,3,04,費用,01,サービス活動増減の部,03,事務費,22,雑費,00,,00,,中区分,雑費,1,0,0
PL-04-01-04-01-00-01,PL,別表第二_事業活動計算書,3,04,費用,01,サービス活動増減の部,04,就労支援事業費用,01,就労支援事業販売原価,00,,01,期首製品（商品）棚卸高,小区分,期首製品（商品）棚卸高,1,0,0
PL-04-01-04-01-00-02,PL,別表第二_事業活動計算書,3,04,費用,01,サービス活動増減の部,04,就労支援事業費用,01,就労支援事業販売原価,00,,02,当期就労支援事業製造原価,小区分,当期就労支援事業製造原価,1,0,0
PL-04-01-04-01-00-03,PL,別表第二_事業活動計算書,3,04,費用,01,サービス活動増減の部,04,就労支援事業費用,01,就労支援事業販売原価,00,,03,当期就労支援事業仕入高,小区分,当期就労支援事業仕入高,1,0,0
PL-04-01-04-01-00-04,PL,別表第二_事業活動計算書,3,04,費用,01,サービス活動増減の部,04,就労支援事業費用,01,就労支援事業販売原価,00,,04,期末製品（商品）棚卸高,小区分,期末製品（商品）棚卸高,1,0,0
PL-04-01-04-02-00-00,PL,別表第二_事業活動計算書,3,04,費用,01,サービス活動増減の部,04,就労支援事業費用,02,就労支援事業販管費,00,,00,,中区分,就労支援事業販管費,1,0,0
PL-04-01-05-00-00-00,PL,別表第二_事業活動計算書,3,04,費用,01,サービス活動増減の部,05,授産事業費用,00,,00,,00,,大区分,授産事業費用,1,0,0
PL-04-01-06-00-00-00,PL,別表第二_事業活動計算書,3,04,費用,01,サービス活動増減の部,06,退職共済事業費用,00,,00,,00,,大区分,退職共済事業費用,1,0,0
PL-04-01-07-00-00-00,PL,別表第二_事業活動計算書,3,04,費用,01,サービス活動増減の部,07,（何）費用,00,,00,,00,,大区分,（何）費用,1,0,0
PL-04-01-08-00-00-00,PL,別表第二_事業活動計算書,3,04,費用,01,サービス活動増減の部,08,利用者負担軽減額,00,,00,,00,,大区分,利用者負担軽減額,1,0,0
PL-04-01-09-00-00-00,PL,別表第二_事業活動計算書,3,04,費用,01,サービス活動増減の部,09,減価償却費,00,,00,,00,,大区分,減価償却費,1,0,0
PL-04-01-10-00-00-00,PL,別表第二_事業活動計算書,3,04,費用,01,サービス活動増減の部,10,国庫補助金等特別積立金取崩額,00,,00,,00,,大区分,国庫補助金等特別積立金取崩額,1,0,0
PL-04-01-11-00-00-00,PL,別表第二_事業活動計算書,3,04,費用,01,サービス活動増減の部,11,貸倒損失額,00,,00,,00,,大区分,貸倒損失額,1,0,0
PL-04-01-12-00-00-00,PL,別表第二_事業活動計算書,3,04,費用,01,サービス活動増減の部,12,貸倒引当金繰入,00,,00,,00,,大区分,貸倒引当金繰入,1,0,0
PL-04-01-13-00-00-00,PL,別表第二_事業活動計算書,3,04,費用,01,サービス活動増減の部,13,徴収不能額,00,,00,,00,,大区分,徴収不能額,1,0,0
PL-04-01-14-00-00-00,PL,別表第二_事業活動計算書,3,04,費用,01,サービス活動増減の部,14,徴収不能引当金繰入,00,,00,,00,,大区分,徴収不能引当金繰入,1,0,0
PL-04-01-15-00-00-00,PL,別表第二_事業活動計算書,3,04,費用,01,サービス活動増減の部,15,その他の費用,00,,00,,00,,大区分,その他の費用,1,0,0
PL-04-02-01-00-00-00,PL,別表第二_事業活動計算書,3,04,費用,02,サービス活動外増減の部,01,支払利息,00,,00,,00,,大区分,支払利息,1,0,0
PL-04-02-02-00-00-00,PL,別表第二_事業活動計算書,3,04,費用,02,サービス活動外増減の部,02,社会福祉連携推進業務借入金支払利息,00,,00,,00,,大区分,社会福祉連携推進業務借入金支払利息,1,0,0
PL-04-02-03-00-00-00,PL,別表第二_事業活動計算書,3,04,費用,02,サービス活動外増減の部,03,有価証券評価損,00,,00,,00,,大区分,有価証券評価損,1,0,0
PL-04-02-04-00-00-00,PL,別表第二_事業活動計算書,3,04,費用,02,サービス活動外増減の部,04,有価証券売却損,00,,00,,00,,大区分,有価証券売却損,1,0,0
PL-04-02-05-00-00-00,PL,別表第二_事業活動計算書,3,04,費用,02,サービス活動外増減の部,05,基本財産評価損,00,,00,,00,,大区分,基本財産評価損,1,0,0
PL-04-02-06-00-00-00,PL,別表第二_事業活動計算書,3,04,費用,02,サービス活動外増減の部,06,投資有価証券評価損,00,,00,,00,,大区分,投資有価証券評価損,1,0,0
PL-04-02-07-00-00-00,PL,別表第二_事業活動計算書,3,04,費用,02,サービス活動外増減の部,07,投資有価証券売却損,00,,00,,00,,大区分,投資有価証券売却損,1,0,0
PL-04-02-08-00-00-00,PL,別表第二_事業活動計算書,3,04,費用,02,サービス活動外増減の部,08,積立資産評価損,00,,00,,00,,大区分,積立資産評価損,1,0,0
PL-04-02-09-00-00-00,PL,別表第二_事業活動計算書,3,04,費用,02,サービス活動外増減の部,09,その他のサービス活動外費用,00,,00,,00,,大区分,その他のサービス活動外費用,1,0,0
PL-04-02-09-01-00-00,PL,別表第二_事業活動計算書,3,04,費用,02,サービス活動外増減の部,09,その他のサービス活動外費用,01,為替差損,00,,00,,中区分,為替差損,1,0,0
PL-04-02-09-02-00-00,PL,別表第二_事業活動計算書,3,04,費用,02,サービス活動外増減の部,09,その他のサービス活動外費用,02,退職共済事業管理資産評価損,00,,00,,中区分,退職共済事業管理資産評価損,1,0,0
PL-04-02-09-03-00-00,PL,別表第二_事業活動計算書,3,04,費用,02,サービス活動外増減の部,09,その他のサービス活動外費用,03,退職共済預り金繰入額,00,,00,,中区分,退職共済預り金繰入額,1,0,0
PL-04-02-09-04-00-00,PL,別表第二_事業活動計算書,3,04,費用,02,サービス活動外増減の部,09,その他のサービス活動外費用,04,雑損失,00,,00,,中区分,雑損失,1,0,0
PL-04-03-01-00-00-00,PL,別表第二_事業活動計算書,3,04,費用,03,特別増減の部,01,基本金組入額,00,,00,,00,,大区分,基本金組入額,1,0,0
PL-04-03-02-00-00-00,PL,別表第二_事業活動計算書,3,04,費用,03,特別増減の部,02,資産評価損,00,,00,,00,,大区分,資産評価損,1,0,0
PL-04-03-03-00-00-00,PL,別表第二_事業活動計算書,3,04,費用,03,特別増減の部,03,固定資産売却損・処分損,00,,00,,00,,大区分,固定資産売却損・処分損,1,0,0
PL-04-03-03-01-00-00,PL,別表第二_事業活動計算書,3,04,費用,03,特別増減の部,03,固定資産売却損・処分損,01,車輌運搬具売却損・処分損,00,,00,,中区分,車輌運搬具売却損・処分損,1,0,0
PL-04-03-03-02-00-00,PL,別表第二_事業活動計算書,3,04,費用,03,特別増減の部,03,固定資産売却損・処分損,02,器具及び備品売却損・処分損,00,,00,,中区分,器具及び備品売却損・処分損,1,0,0
PL-04-03-03-03-00-00,PL,別表第二_事業活動計算書,3,04,費用,03,特別増減の部,03,固定資産売却損・処分損,03,その他の固定資産売却損・処分損,00,,00,,中区分,その他の固定資産売却損・処分損,1,0,0
PL-04-03-04-00-00-00,PL,別表第二_事業活動計算書,3,04,費用,03,特別増減の部,04,国庫補助金等特別積立金取崩額（除却等）,00,,00,,00,,大区分,国庫補助金等特別積立金取崩額（除却等）,1,0,0
PL-04-03-05-00-00-00,PL,別表第二_事業活動計算書,3,04,費用,03,特別増減の部,05,国庫補助金等特別積立金積立額,00,,00,,00,,大区分,国庫補助金等特別積立金積立額,1,0,0
PL-04-03-06-00-00-00,PL,別表第二_事業活動計算書,3,04,費用,03,特別増減の部,06,災害損失,00,,00,,00,,大区分,災害損失,1,0,0
PL-04-03-07-00-00-00,PL,別表第二_事業活動計算書,3,04,費用,03,特別増減の部,07,事業区分間繰入金費用,00,,00,,00,,大区分,事業区分間繰入金費用,1,0,0
PL-04-03-08-00-00-00,PL,別表第二_事業活動計算書,3,04,費用,03,特別増減の部,08,拠点区分間繰入金費用,00,,00,,00,,大区分,拠点区分間繰入金費用,1,0,0
PL-04-03-09-00-00-00,PL,別表第二_事業活動計算書,3,04,費用,03,特別増減の部,09,事業区分間固定資産移管費用,00,,00,,00,,大区分,事業区分間固定資産移管費用,1,0,0
PL-04-03-10-00-00-00,PL,別表第二_事業活動計算書,3,04,費用,03,特別増減の部,10,拠点区分間固定資産移管費用,00,,00,,00,,大区分,拠点区分間固定資産移管費用,1,0,0
PL-04-03-11-00-00-00,PL,別表第二_事業活動計算書,3,04,費用,03,特別増減の部,11,その他の特別損失,00,,00,,00,,大区分,その他の特別損失,1,0,0
PL-05-00-01-00-00-00,PL,別表第二_事業活動計算書,4,05,繰越・基本金振替等,00,,01,前期繰越活動増減差額,00,,00,,00,,大区分,前期繰越活動増減差額,1,1,0
PL-05-00-02-00-00-00,PL,別表第二_事業活動計算書,4,05,繰越・基本金振替等,00,,02,当期末繰越活動増減差額,00,,00,,00,,大区分,当期末繰越活動増減差額,1,1,0
PL-05-00-03-00-00-00,PL,別表第二_事業活動計算書,4,05,繰越・基本金振替等,00,,03,基本金取崩額,00,,00,,00,,大区分,基本金取崩額,1,1,0
PL-05-00-04-00-00-00,PL,別表第二_事業活動計算書,4,05,繰越・基本金振替等,00,,04,その他の積立金取崩額,00,,00,,00,,大区分,その他の積立金取崩額,1,1,0
PL-05-00-05-00-00-00,PL,別表第二_事業活動計算書,4,05,繰越・基本金振替等,00,,05,その他の積立金積立額,00,,00,,00,,大区分,その他の積立金積立額,1,1,0
PL-05-00-06-00-00-00,PL,別表第二_事業活動計算書,4,05,繰越・基本金振替等,00,,06,次期繰越活動増減差額,00,,00,,00,,大区分,次期繰越活動増減差額,1,1,0
BS-06-00-01-00-00-00,BS,別表第三_貸借対照表,5,06,資産,00,,01,流動資産,00,,00,,00,,大区分,流動資産,1,1,0
BS-06-00-01-01-00-00,BS,別表第三_貸借対照表,5,06,資産,00,,01,流動資産,01,有価証券,00,,00,,中区分,有価証券,1,0,0
BS-06-00-01-02-00-00,BS,別表第三_貸借対照表,5,06,資産,00,,01,流動資産,02,事業未収金,00,,00,,中区分,事業未収金,1,0,0
BS-06-00-01-03-00-00,BS,別表第三_貸借対照表,5,06,資産,00,,01,流動資産,03,未収金,00,,00,,中区分,未収金,1,0,0
BS-06-00-01-04-00-00,BS,別表第三_貸借対照表,5,06,資産,00,,01,流動資産,04,未収補助金,00,,00,,中区分,未収補助金,1,0,0
BS-06-00-01-05-00-00,BS,別表第三_貸借対照表,5,06,資産,00,,01,流動資産,05,未収収益,00,,00,,中区分,未収収益,1,0,0
BS-06-00-01-06-00-00,BS,別表第三_貸借対照表,5,06,資産,00,,01,流動資産,06,受取手形,00,,00,,中区分,受取手形,1,0,0
BS-06-00-01-07-00-00,BS,別表第三_貸借対照表,5,06,資産,00,,01,流動資産,07,貯蔵品,00,,00,,中区分,貯蔵品,1,0,0
BS-06-00-01-08-00-00,BS,別表第三_貸借対照表,5,06,資産,00,,01,流動資産,08,医薬品,00,,00,,中区分,医薬品,1,0,0
BS-06-00-01-09-00-00,BS,別表第三_貸借対照表,5,06,資産,00,,01,流動資産,09,診療・療養費等材料,00,,00,,中区分,診療・療養費等材料,1,0,0
BS-06-00-01-10-00-00,BS,別表第三_貸借対照表,5,06,資産,00,,01,流動資産,10,給食用材料,00,,00,,中区分,給食用材料,1,0,0
BS-06-00-01-11-00-00,BS,別表第三_貸借対照表,5,06,資産,00,,01,流動資産,11,商品・製品,00,,00,,中区分,商品・製品,1,0,0
BS-06-00-01-12-00-00,BS,別表第三_貸借対照表,5,06,資産,00,,01,流動資産,12,仕掛品,00,,00,,中区分,仕掛品,1,0,0
BS-06-00-01-13-00-00,BS,別表第三_貸借対照表,5,06,資産,00,,01,流動資産,13,原材料,00,,00,,中区分,原材料,1,0,0
BS-06-00-01-14-00-00,BS,別表第三_貸借対照表,5,06,資産,00,,01,流動資産,14,立替金,00,,00,,中区分,立替金,1,0,0
BS-06-00-01-15-00-00,BS,別表第三_貸借対照表,5,06,資産,00,,01,流動資産,15,前払金,00,,00,,中区分,前払金,1,0,0
BS-06-00-01-16-00-00,BS,別表第三_貸借対照表,5,06,資産,00,,01,流動資産,16,前払費用,00,,00,,中区分,前払費用,1,0,0
BS-06-00-01-17-00-00,BS,別表第三_貸借対照表,5,06,資産,00,,01,流動資産,17,１年以内回収予定社会福祉連携推進業務長期貸付金,00,,00,,中区分,１年以内回収予定社会福祉連携推進業務長期貸付金,1,0,0
BS-06-00-01-18-00-00,BS,別表第三_貸借対照表,5,06,資産,00,,01,流動資産,18,１年以内回収予定長期貸付金,00,,00,,中区分,１年以内回収予定長期貸付金,1,0,0
BS-06-00-01-19-00-00,BS,別表第三_貸借対照表,5,06,資産,00,,01,流動資産,19,１年以内回収予定事業区分間長期貸付金,00,,00,,中区分,１年以内回収予定事業区分間長期貸付金,1,0,0
BS-06-00-01-20-00-00,BS,別表第三_貸借対照表,5,06,資産,00,,01,流動資産,20,１年以内回収予定拠点区分間長期貸付金,00,,00,,中区分,１年以内回収予定拠点区分間長期貸付金,1,0,0
BS-06-00-01-21-00-00,BS,別表第三_貸借対照表,5,06,資産,00,,01,流動資産,21,社会福祉連携推進業務短期貸付金,00,,00,,中区分,社会福祉連携推進業務短期貸付金,1,0,0
BS-06-00-01-22-00-00,BS,別表第三_貸借対照表,5,06,資産,00,,01,流動資産,22,短期貸付金,00,,00,,中区分,短期貸付金,1,0,0
BS-06-00-01-23-00-00,BS,別表第三_貸借対照表,5,06,資産,00,,01,流動資産,23,事業区分間貸付金,00,,00,,中区分,事業区分間貸付金,1,0,0
BS-06-00-01-24-00-00,BS,別表第三_貸借対照表,5,06,資産,00,,01,流動資産,24,拠点区分間貸付金,00,,00,,中区分,拠点区分間貸付金,1,0,0
BS-06-00-01-25-00-00,BS,別表第三_貸借対照表,5,06,資産,00,,01,流動資産,25,仮払金,00,,00,,中区分,仮払金,1,0,0
BS-06-00-01-26-00-00,BS,別表第三_貸借対照表,5,06,資産,00,,01,流動資産,26,その他の流動資産,00,,00,,中区分,その他の流動資産,1,0,0
BS-06-00-01-27-00-00,BS,別表第三_貸借対照表,5,06,資産,00,,01,流動資産,27,貸倒引当金,00,,00,,中区分,貸倒引当金,1,0,0
BS-06-00-01-28-00-00,BS,別表第三_貸借対照表,5,06,資産,00,,01,流動資産,28,徴収不能引当金,00,,00,,中区分,徴収不能引当金,1,0,0
BS-06-00-02-00-00-00,BS,別表第三_貸借対照表,5,06,資産,00,,02,固定資産,00,,00,,00,,大区分,固定資産,1,1,0
BS-06-00-02-01-00-00,BS,別表第三_貸借対照表,5,06,資産,00,,02,固定資産,01,（基本財産）,00,,00,,中区分,（基本財産）,1,1,0
BS-06-00-02-01-00-01,BS,別表第三_貸借対照表,5,06,資産,00,,02,固定資産,01,（基本財産）,00,,01,土地,小区分,土地,1,0,0
BS-06-00-02-01-00-02,BS,別表第三_貸借対照表,5,06,資産,00,,02,固定資産,01,（基本財産）,00,,02,建物,小区分,建物,1,0,0
BS-06-00-02-01-00-03,BS,別表第三_貸借対照表,5,06,資産,00,,02,固定資産,01,（基本財産）,00,,03,建物減価償却累計額,小区分,建物減価償却累計額,1,0,0
BS-06-00-02-01-00-04,BS,別表第三_貸借対照表,5,06,資産,00,,02,固定資産,01,（基本財産）,00,,04,定期預金,小区分,定期預金,1,0,0
BS-06-00-02-01-00-05,BS,別表第三_貸借対照表,5,06,資産,00,,02,固定資産,01,（基本財産）,00,,05,投資有価証券,小区分,投資有価証券,1,0,0
BS-06-00-02-02-00-00,BS,別表第三_貸借対照表,5,06,資産,00,,02,固定資産,02,（その他の固定資産）,00,,00,,中区分,（その他の固定資産）,1,1,0
BS-06-00-02-02-00-01,BS,別表第三_貸借対照表,5,06,資産,00,,02,固定資産,02,（その他の固定資産）,00,,01,土地,小区分,土地,1,0,0
BS-06-00-02-02-00-02,BS,別表第三_貸借対照表,5,06,資産,00,,02,固定資産,02,（その他の固定資産）,00,,02,建物,小区分,建物,1,0,0
BS-06-00-02-02-00-03,BS,別表第三_貸借対照表,5,06,資産,00,,02,固定資産,02,（その他の固定資産）,00,,03,構築物,小区分,構築物,1,0,0
BS-06-00-02-02-00-04,BS,別表第三_貸借対照表,5,06,資産,00,,02,固定資産,02,（その他の固定資産）,00,,04,機械及び装置,小区分,機械及び装置,1,0,0
BS-06-00-02-02-00-05,BS,別表第三_貸借対照表,5,06,資産,00,,02,固定資産,02,（その他の固定資産）,00,,05,車輌運搬具,小区分,車輌運搬具,1,0,0
BS-06-00-02-02-00-06,BS,別表第三_貸借対照表,5,06,資産,00,,02,固定資産,02,（その他の固定資産）,00,,06,器具及び備品,小区分,器具及び備品,1,0,0
BS-06-00-02-02-00-07,BS,別表第三_貸借対照表,5,06,資産,00,,02,固定資産,02,（その他の固定資産）,00,,07,建設仮勘定,小区分,建設仮勘定,1,0,0
BS-06-00-02-02-00-08,BS,別表第三_貸借対照表,5,06,資産,00,,02,固定資産,02,（その他の固定資産）,00,,08,有形リース資産,小区分,有形リース資産,1,0,0
BS-06-00-02-02-00-09,BS,別表第三_貸借対照表,5,06,資産,00,,02,固定資産,02,（その他の固定資産）,00,,09,（何）減価償却累計額,小区分,（何）減価償却累計額,1,0,0
BS-06-00-02-02-00-10,BS,別表第三_貸借対照表,5,06,資産,00,,02,固定資産,02,（その他の固定資産）,00,,10,権利,小区分,権利,1,0,0
BS-06-00-02-02-00-11,BS,別表第三_貸借対照表,5,06,資産,00,,02,固定資産,02,（その他の固定資産）,00,,11,ソフトウェア,小区分,ソフトウェア,1,0,0
BS-06-00-02-02-00-12,BS,別表第三_貸借対照表,5,06,資産,00,,02,固定資産,02,（その他の固定資産）,00,,12,無形リース資産,小区分,無形リース資産,1,0,0
BS-06-00-02-02-00-13,BS,別表第三_貸借対照表,5,06,資産,00,,02,固定資産,02,（その他の固定資産）,00,,13,投資有価証券,小区分,投資有価証券,1,0,0
BS-06-00-02-02-00-14,BS,別表第三_貸借対照表,5,06,資産,00,,02,固定資産,02,（その他の固定資産）,00,,14,社会福祉連携推進業務長期貸付金,小区分,社会福祉連携推進業務長期貸付金,1,0,0
BS-06-00-02-02-00-15,BS,別表第三_貸借対照表,5,06,資産,00,,02,固定資産,02,（その他の固定資産）,00,,15,長期貸付金,小区分,長期貸付金,1,0,0
BS-06-00-02-02-00-16,BS,別表第三_貸借対照表,5,06,資産,00,,02,固定資産,02,（その他の固定資産）,00,,16,事業区分間長期貸付金,小区分,事業区分間長期貸付金,1,0,0
BS-06-00-02-02-00-17,BS,別表第三_貸借対照表,5,06,資産,00,,02,固定資産,02,（その他の固定資産）,00,,17,拠点区分間長期貸付金,小区分,拠点区分間長期貸付金,1,0,0
BS-06-00-02-02-00-18,BS,別表第三_貸借対照表,5,06,資産,00,,02,固定資産,02,（その他の固定資産）,00,,18,退職給付引当資産,小区分,退職給付引当資産,1,0,0
BS-06-00-02-02-00-19,BS,別表第三_貸借対照表,5,06,資産,00,,02,固定資産,02,（その他の固定資産）,00,,19,長期預り金積立資産,小区分,長期預り金積立資産,1,0,0
BS-06-00-02-02-00-20,BS,別表第三_貸借対照表,5,06,資産,00,,02,固定資産,02,（その他の固定資産）,00,,20,退職共済事業管理資産,小区分,退職共済事業管理資産,1,0,0
BS-06-00-02-02-00-21,BS,別表第三_貸借対照表,5,06,資産,00,,02,固定資産,02,（その他の固定資産）,00,,21,（何）積立資産,小区分,（何）積立資産,1,0,0
BS-06-00-02-02-00-22,BS,別表第三_貸借対照表,5,06,資産,00,,02,固定資産,02,（その他の固定資産）,00,,22,差入保証金,小区分,差入保証金,1,0,0
BS-06-00-02-02-00-23,BS,別表第三_貸借対照表,5,06,資産,00,,02,固定資産,02,（その他の固定資産）,00,,23,長期前払費用,小区分,長期前払費用,1,0,0
BS-06-00-02-02-00-24,BS,別表第三_貸借対照表,5,06,資産,00,,02,固定資産,02,（その他の固定資産）,00,,24,その他の固定資産,小区分,その他の固定資産,1,0,0
BS-06-00-02-02-00-25,BS,別表第三_貸借対照表,5,06,資産,00,,02,固定資産,02,（その他の固定資産）,00,,25,貸倒引当金,小区分,貸倒引当金,1,0,0
BS-06-00-02-02-00-26,BS,別表第三_貸借対照表,5,06,資産,00,,02,固定資産,02,（その他の固定資産）,00,,26,徴収不能引当金,小区分,徴収不能引当金,1,0,0
BS-07-00-01-00-00-00,BS,別表第三_貸借対照表,5,07,負債,00,,01,流動負債,00,,00,,00,,大区分,流動負債,1,1,0
BS-07-00-01-01-00-00,BS,別表第三_貸借対照表,5,07,負債,00,,01,流動負債,01,事業未払金,00,,00,,中区分,事業未払金,1,0,0
BS-07-00-01-02-00-00,BS,別表第三_貸借対照表,5,07,負債,00,,01,流動負債,02,その他の未払金,00,,00,,中区分,その他の未払金,1,0,0
BS-07-00-01-03-00-00,BS,別表第三_貸借対照表,5,07,負債,00,,01,流動負債,03,支払手形,00,,00,,中区分,支払手形,1,0,0
BS-07-00-01-04-00-00,BS,別表第三_貸借対照表,5,07,負債,00,,01,流動負債,04,社会福祉連携推進業務短期運営資金借入金,00,,00,,中区分,社会福祉連携推進業務短期運営資金借入金,1,0,0
BS-07-00-01-05-00-00,BS,別表第三_貸借対照表,5,07,負債,00,,01,流動負債,05,役員等短期借入金,00,,00,,中区分,役員等短期借入金,1,0,0
BS-07-00-01-06-00-00,BS,別表第三_貸借対照表,5,07,負債,00,,01,流動負債,06,１年以内返済予定社会福祉連携推進業務設備資金借入金,00,,00,,中区分,１年以内返済予定社会福祉連携推進業務設備資金借入金,1,0,0
BS-07-00-01-07-00-00,BS,別表第三_貸借対照表,5,07,負債,00,,01,流動負債,07,１年以内返済予定設備資金借入金,00,,00,,中区分,１年以内返済予定設備資金借入金,1,0,0
BS-07-00-01-08-00-00,BS,別表第三_貸借対照表,5,07,負債,00,,01,流動負債,08,１年以内返済予定社会福祉連携推進業務長期運営資金借入金,00,,00,,中区分,１年以内返済予定社会福祉連携推進業務長期運営資金借入金,1,0,0
BS-07-00-01-09-00-00,BS,別表第三_貸借対照表,5,07,負債,00,,01,流動負債,09,１年以内返済予定長期運営資金借入金,00,,00,,中区分,１年以内返済予定長期運営資金借入金,1,0,0
BS-07-00-01-10-00-00,BS,別表第三_貸借対照表,5,07,負債,00,,01,流動負債,10,１年以内返済予定リース債務,00,,00,,中区分,１年以内返済予定リース債務,1,0,0
BS-07-00-01-11-00-00,BS,別表第三_貸借対照表,5,07,負債,00,,01,流動負債,11,１年以内返済予定役員等長期借入金,00,,00,,中区分,１年以内返済予定役員等長期借入金,1,0,0
BS-07-00-01-12-00-00,BS,別表第三_貸借対照表,5,07,負債,00,,01,流動負債,12,１年以内返済予定事業区分間長期借入金,00,,00,,中区分,１年以内返済予定事業区分間長期借入金,1,0,0
BS-07-00-01-13-00-00,BS,別表第三_貸借対照表,5,07,負債,00,,01,流動負債,13,１年以内返済予定拠点区分間長期借入金,00,,00,,中区分,１年以内返済予定拠点区分間長期借入金,1,0,0
BS-07-00-01-14-00-00,BS,別表第三_貸借対照表,5,07,負債,00,,01,流動負債,14,１年以内支払予定長期未払金,00,,00,,中区分,１年以内支払予定長期未払金,1,0,0
BS-07-00-01-15-00-00,BS,別表第三_貸借対照表,5,07,負債,00,,01,流動負債,15,未払費用,00,,00,,中区分,未払費用,1,0,0
BS-07-00-01-16-00-00,BS,別表第三_貸借対照表,5,07,負債,00,,01,流動負債,16,預り金,00,,00,,中区分,預り金,1,0,0
BS-07-00-01-17-00-00,BS,別表第三_貸借対照表,5,07,負債,00,,01,流動負債,17,職員預り金,00,,00,,中区分,職員預り金,1,0,0
BS-07-00-01-18-00-00,BS,別表第三_貸借対照表,5,07,負債,00,,01,流動負債,18,前受金,00,,00,,中区分,前受金,1,0,0
BS-07-00-01-19-00-00,BS,別表第三_貸借対照表,5,07,負債,00,,01,流動負債,19,前受収益,00,,00,,中区分,前受収益,1,0,0
BS-07-00-01-20-00-00,BS,別表第三_貸借対照表,5,07,負債,00,,01,流動負債,20,事業区分間借入金,00,,00,,中区分,事業区分間借入金,1,0,0
BS-07-00-01-21-00-00,BS,別表第三_貸借対照表,5,07,負債,00,,01,流動負債,21,拠点区分間借入金,00,,00,,中区分,拠点区分間借入金,1,0,0
BS-07-00-01-22-00-00,BS,別表第三_貸借対照表,5,07,負債,00,,01,流動負債,22,仮受金,00,,00,,中区分,仮受金,1,0,0
BS-07-00-01-23-00-00,BS,別表第三_貸借対照表,5,07,負債,00,,01,流動負債,23,賞与引当金,00,,00,,中区分,賞与引当金,1,0,0
BS-07-00-01-24-00-00,BS,別表第三_貸借対照表,5,07,負債,00,,01,流動負債,24,その他の流動負債,00,,00,,中区分,その他の流動負債,1,0,0
BS-07-00-02-00-00-00,BS,別表第三_貸借対照表,5,07,負債,00,,02,固定負債,00,,00,,00,,大区分,固定負債,1,1,0
BS-07-00-02-01-00-00,BS,別表第三_貸借対照表,5,07,負債,00,,02,固定負債,01,設備資金借入金,00,,00,,中区分,設備資金借入金,1,0,0
BS-07-00-02-02-00-00,BS,別表第三_貸借対照表,5,07,負債,00,,02,固定負債,02,社会福祉連携推進業務長期運営資金借入金,00,,00,,中区分,社会福祉連携推進業務長期運営資金借入金,1,0,0
BS-07-00-02-03-00-00,BS,別表第三_貸借対照表,5,07,負債,00,,02,固定負債,03,長期運営資金借入金,00,,00,,中区分,長期運営資金借入金,1,0,0
BS-07-00-02-04-00-00,BS,別表第三_貸借対照表,5,07,負債,00,,02,固定負債,04,リース債務,00,,00,,中区分,リース債務,1,0,0
BS-07-00-02-05-00-00,BS,別表第三_貸借対照表,5,07,負債,00,,02,固定負債,05,役員等長期借入金,00,,00,,中区分,役員等長期借入金,1,0,0
BS-07-00-02-06-00-00,BS,別表第三_貸借対照表,5,07,負債,00,,02,固定負債,06,事業区分間長期借入金,00,,00,,中区分,事業区分間長期借入金,1,0,0
BS-07-00-02-07-00-00,BS,別表第三_貸借対照表,5,07,負債,00,,02,固定負債,07,拠点区分間長期借入金,00,,00,,中区分,拠点区分間長期借入金,1,0,0
BS-07-00-02-08-00-00,BS,別表第三_貸借対照表,5,07,負債,00,,02,固定負債,08,退職給付引当金,00,,00,,中区分,退職給付引当金,1,0,0
BS-07-00-02-09-00-00,BS,別表第三_貸借対照表,5,07,負債,00,,02,固定負債,09,役員退職慰労引当金,00,,00,,中区分,役員退職慰労引当金,1,0,0
BS-07-00-02-10-00-00,BS,別表第三_貸借対照表,5,07,負債,00,,02,固定負債,10,長期未払金,00,,00,,中区分,長期未払金,1,0,0
BS-07-00-02-11-00-00,BS,別表第三_貸借対照表,5,07,負債,00,,02,固定負債,11,長期預り金,00,,00,,中区分,長期預り金,1,0,0
BS-07-00-02-12-00-00,BS,別表第三_貸借対照表,5,07,負債,00,,02,固定負債,12,退職共済預り金,00,,00,,中区分,退職共済預り金,1,0,0
BS-07-00-02-13-00-00,BS,別表第三_貸借対照表,5,07,負債,00,,02,固定負債,13,その他の固定負債,00,,00,,中区分,その他の固定負債,1,0,0
BS-08-00-01-00-00-00,BS,別表第三_貸借対照表,5,08,純資産,00,,01,基本金,00,,00,,00,,大区分,基本金,1,1,0
BS-08-00-02-00-00-00,BS,別表第三_貸借対照表,5,08,純資産,00,,02,国庫補助金等特別積立金,00,,00,,00,,大区分,国庫補助金等特別積立金,1,1,0
BS-08-00-03-00-00-00,BS,別表第三_貸借対照表,5,08,純資産,00,,03,その他の積立金,00,,00,,00,,大区分,その他の積立金,1,1,0
BS-08-00-04-00-00-00,BS,別表第三_貸借対照表,5,08,純資産,00,,04,次期繰越活動増減差額,00,,00,,00,,大区分,次期繰越活動増減差額,1,1,0
BS-08-00-04-01-00-00,BS,別表第三_貸借対照表,5,08,純資産,00,,04,次期繰越活動増減差額,01,（うち当期活動増減差額）,00,,00,,中区分,（うち当期活動増減差額）,1,1,0
CF-01-01-19-00-00-00,CF,別表第一_資金収支計算書,0,01,収入,01,事業活動による収支,19,事業活動収入計,00,,00,,00,,集計,事業活動収入計,1,1,0
CF-02-01-14-00-00-00,CF,別表第一_資金収支計算書,0,02,支出,01,事業活動による収支,14,事業活動支出計,00,,00,,00,,集計,事業活動支出計,1,1,0
CF-02-01-15-00-00-00,CF,別表第一_資金収支計算書,0,02,支出,01,事業活動による収支,15,予備費支出,00,,00,,00,,集計,予備費支出,1,1,1
CF-01-02-07-00-00-00,CF,別表第一_資金収支計算書,0,01,収入,02,施設整備等による収支,07,施設整備等収入計,00,,00,,00,,集計,施設整備等収入計,1,1,0
CF-02-02-07-00-00-00,CF,別表第一_資金収支計算書,0,02,支出,02,施設整備等による収支,07,施設整備等支出計,00,,00,,00,,集計,施設整備等支出計,1,1,0
CF-01-03-17-00-00-00,CF,別表第一_資金収支計算書,0,01,収入,03,その他の活動による収支,17,その他の活動収入計,00,,00,,00,,集計,その他の活動収入計,1,1,0
CF-02-03-16-00-00-00,CF,別表第一_資金収支計算書,0,02,支出,03,その他の活動による収支,16,その他の活動支出計,00,,00,,00,,集計,その他の活動支出計,1,1,0
CF-90-00-01-00-00-00,CF,別表第一_資金収支計算書,0,90,集計,00,,01,事業活動資金収支差額,00,,00,,00,,集計,事業活動資金収支差額,1,1,0
CF-90-00-02-00-00-00,CF,別表第一_資金収支計算書,0,90,集計,00,,02,施設整備等資金収支差額,00,,00,,00,,集計,施設整備等資金収支差額,1,1,0
CF-90-00-03-00-00-00,CF,別表第一_資金収支計算書,0,90,集計,00,,03,その他の活動資金収支差額,00,,00,,00,,集計,その他の活動資金収支差額,1,1,0
CF-90-00-04-00-00-00,CF,別表第一_資金収支計算書,0,90,集計,00,,04,当期資金収支差額合計,00,,00,,00,,集計,当期資金収支差額合計,1,1,0
CF-90-00-05-00-00-00,CF,別表第一_資金収支計算書,0,90,集計,00,,05,前期末支払資金残高,00,,00,,00,,集計,前期末支払資金残高,1,1,0
CF-90-00-06-00-00-00,CF,別表第一_資金収支計算書,0,90,集計,00,,06,当期末支払資金残高,00,,00,,00,,集計,当期末支払資金残高,1,1,0
PL-03-01-14-00-00-00,PL,別表第二_事業活動計算書,0,03,収益,01,サービス活動増減の部,14,サービス活動収益計,00,,00,,00,,集計,サービス活動収益計,1,1,0
PL-03-02-11-00-00-00,PL,別表第二_事業活動計算書,0,03,収益,02,サービス活動外増減の部,11,サービス活動外収益計,00,,00,,00,,集計,サービス活動外収益計,1,1,0
PL-03-03-11-00-00-00,PL,別表第二_事業活動計算書,0,03,収益,03,特別増減の部,11,特別収益計,00,,00,,00,,集計,特別収益計,1,1,0
PL-04-01-16-00-00-00,PL,別表第二_事業活動計算書,0,04,費用,01,サービス活動増減の部,16,サービス活動費用計,00,,00,,00,,集計,サービス活動費用計,1,1,0
PL-04-02-10-00-00-00,PL,別表第二_事業活動計算書,0,04,費用,02,サービス活動外増減の部,10,サービス活動外費用計,00,,00,,00,,集計,サービス活動外費用計,1,1,0
PL-04-03-12-00-00-00,PL,別表第二_事業活動計算書,0,04,費用,03,特別増減の部,12,特別費用計,00,,00,,00,,集計,特別費用計,1,1,0
PL-90-00-01-00-00-00,PL,別表第二_事業活動計算書,0,90,集計,00,,01,サービス活動増減差額,00,,00,,00,,集計,サービス活動増減差額,1,1,0
PL-90-00-02-00-00-00,PL,別表第二_事業活動計算書,0,90,集計,00,,02,サービス活動外増減差額,00,,00,,00,,集計,サービス活動外増減差額,1,1,0
PL-90-00-03-00-00-00,PL,別表第二_事業活動計算書,0,90,集計,00,,03,経常増減差額,00,,00,,00,,集計,経常増減差額,1,1,0
PL-90-00-04-00-00-00,PL,別表第二_事業活動計算書,0,90,集計,00,,04,特別増減差額,00,,00,,00,,集計,特別増減差額,1,1,0
PL-90-00-05-00-00-00,PL,別表第二_事業活動計算書,0,90,集計,00,,05,税引前当期活動増減差額,00,,00,,00,,集計,税引前当期活動増減差額,1,1,1
PL-90-00-06-00-00-00,PL,別表第二_事業活動計算書,0,90,集計,00,,06,法人税住民税及び事業税,00,,00,,00,,集計,法人税住民税及び事業税,1,1,1
PL-90-00-07-00-00-00,PL,別表第二_事業活動計算書,0,90,集計,00,,07,法人税等調整額,00,,00,,00,,集計,法人税等調整額,1,1,1
PL-90-00-08-00-00-00,PL,別表第二_事業活動計算書,0,90,集計,00,,08,当期活動増減差額,00,,00,,00,,集計,当期活動増減差額,1,1,0
BS-90-00-01-00-00-00,BS,別表第三_貸借対照表,0,90,集計,00,,01,資産の部合計,00,,00,,00,,集計,資産の部合計,1,1,0
BS-90-00-02-00-00-00,BS,別表第三_貸借対照表,0,90,集計,00,,02,負債の部合計,00,,00,,00,,集計,負債の部合計,1,1,0
BS-90-00-03-00-00-00,BS,別表第三_貸借対照表,0,90,集計,00,,03,純資産の部合計,00,,00,,00,,集計,純資産の部合計,1,1,0
BS-90-00-04-00-00-00,BS,別表第三_貸借対照表,0,90,集計,00,,04,負債及び純資産の部合計,00,,00,,00,,集計,負債及び純資産の部合計,1,1,0
