タイプ,col0,col1,col2,col3,col4,col5,col6,col7,col8,col9,col10
segwari,concept,LC-00001,事業区分間貸付金,事業区分間貸付金,BS-A-CUR-100,資産,BS,8080105000129,BS-3-2,0,事業区分間貸付金
segwari,instance,L-8080105000129-0001,事業区分間貸付金,事業区分間貸付金,LC-00001,資産,BS,8080105000129,BS-3-2,0,事業区分間貸付金
segwari,concept,LC-00002,事業区分間借入金,事業区分間借入金,BS-L-CUR-120,負債,BS,8080105000129,BS-3-2,0,事業区分間借入金
segwari,instance,L-8080105000129-0002,事業区分間借入金,事業区分間借入金,LC-00002,負債,BS,8080105000129,BS-3-2,0,事業区分間借入金
segwari3,concept,LC-00001,現金預金,現金預金,BS-A-CUR-T,資産,BS,8080105000129,BS-3-3,0,現金預金
segwari3,instance,L-8080105000129-0001,現金預金,現金預金,LC-00001,資産,BS,8080105000129,BS-3-3,0,現金預金
segwari3,concept,LC-00002,定期預金,定期預金,BS-A-CUR-T,資産,BS,8080105000129,BS-3-3,0,定期預金
segwari3,instance,L-8080105000129-0002,定期預金,定期預金,LC-00002,資産,BS,8080105000129,BS-3-3,0,定期預金
segwari3,concept,LC-00003,事業未収金,事業未収金,BS-A-CUR-T,資産,BS,8080105000129,BS-3-3,0,事業未収金
segwari3,instance,L-8080105000129-0003,事業未収金,事業未収金,LC-00003,資産,BS,8080105000129,BS-3-3,0,事業未収金
segwari3,concept,LC-00004,未収金,未収金,BS-A-CUR-T,資産,BS,8080105000129,BS-3-3,0,未収金
segwari3,instance,L-8080105000129-0004,未収金,未収金,LC-00004,資産,BS,8080105000129,BS-3-3,0,未収金
segwari3,concept,LC-00005,未収補助金,未収補助金,BS-A-CUR-T,資産,BS,8080105000129,BS-3-3,0,未収補助金
segwari3,instance,L-8080105000129-0005,未収補助金,未収補助金,LC-00005,資産,BS,8080105000129,BS-3-3,0,未収補助金
segwari3,concept,LC-00006,立替金,立替金,BS-A-CUR-T,資産,BS,8080105000129,BS-3-3,0,立替金
segwari3,instance,L-8080105000129-0006,立替金,立替金,LC-00006,資産,BS,8080105000129,BS-3-3,0,立替金
segwari3,concept,LC-00007,前払費用,前払費用,BS-A-CUR-T,資産,BS,8080105000129,BS-3-3,0,前払費用
segwari3,instance,L-8080105000129-0007,前払費用,前払費用,LC-00007,資産,BS,8080105000129,BS-3-3,0,前払費用
segwari3,concept,LC-00008,１年以内回収予定社会福祉連携推進業務長期貸付金,1年以内回収予定社会福祉連携推進業務長期貸付金,BS-A-CUR-T,資産,BS,8080105000129,BS-3-3,0,１年以内回収予定社会福祉連携推進業務長期貸付金
segwari3,instance,L-8080105000129-0008,１年以内回収予定社会福祉連携推進業務長期貸付金,1年以内回収予定社会福祉連携推進業務長期貸付金,LC-00008,資産,BS,8080105000129,BS-3-3,0,１年以内回収予定社会福祉連携推進業務長期貸付金
segwari3,concept,LC-00009,社会福祉連携推進業務短期貸付金,社会福祉連携推進業務短期貸付金,BS-A-CUR-T,資産,BS,8080105000129,BS-3-3,0,社会福祉連携推進業務短期貸付金
segwari3,instance,L-8080105000129-0009,社会福祉連携推進業務短期貸付金,社会福祉連携推進業務短期貸付金,LC-00009,資産,BS,8080105000129,BS-3-3,0,社会福祉連携推進業務短期貸付金
segwari3,concept,LC-00010,短期貸付金,短期貸付金,BS-A-CUR-T,資産,BS,8080105000129,BS-3-3,0,短期貸付金
segwari3,instance,L-8080105000129-0010,短期貸付金,短期貸付金,LC-00010,資産,BS,8080105000129,BS-3-3,0,短期貸付金
segwari3,concept,LC-00011,事業区分間貸付金,事業区分間貸付金,BS-A-CUR-T,資産,BS,8080105000129,BS-3-3,0,事業区分間貸付金
segwari3,instance,L-8080105000129-0011,事業区分間貸付金,事業区分間貸付金,LC-00011,資産,BS,8080105000129,BS-3-3,0,事業区分間貸付金
segwari3,concept,LC-00012,拠点区分間貸付金,拠点区分間貸付金,BS-A-CUR-T,資産,BS,8080105000129,BS-3-3,0,拠点区分間貸付金
segwari3,instance,L-8080105000129-0012,拠点区分間貸付金,拠点区分間貸付金,LC-00012,資産,BS,8080105000129,BS-3-3,0,拠点区分間貸付金
segwari3,concept,LC-00013,仮払金,仮払金,BS-A-CUR-T,資産,BS,8080105000129,BS-3-3,0,仮払金
segwari3,instance,L-8080105000129-0013,仮払金,仮払金,LC-00013,資産,BS,8080105000129,BS-3-3,0,仮払金
segwari3,concept,LC-00014,その他の流動資産,その他の流動資産,BS-A-CUR-T,資産,BS,8080105000129,BS-3-3,0,その他の流動資産
segwari3,instance,L-8080105000129-0014,その他の流動資産,その他の流動資産,LC-00014,資産,BS,8080105000129,BS-3-3,0,その他の流動資産
segwari3,concept,LC-00015,貸倒引当金,貸倒引当金,BS-A-CUR-T,資産,BS,8080105000129,BS-3-3,0,貸倒引当金
segwari3,instance,L-8080105000129-0015,貸倒引当金,貸倒引当金,LC-00015,資産,BS,8080105000129,BS-3-3,0,貸倒引当金
segwari3,concept,LC-00016,土地,土地,BS-A-FIX-BASE-T,資産,BS,8080105000129,BS-3-3,0,土地
segwari3,instance,L-8080105000129-0016,土地,土地,LC-00016,資産,BS,8080105000129,BS-3-3,0,土地
segwari3,concept,LC-00017,建物,建物,BS-A-FIX-BASE-T,資産,BS,8080105000129,BS-3-3,0,建物
segwari3,instance,L-8080105000129-0017,建物,建物,LC-00017,資産,BS,8080105000129,BS-3-3,0,建物
segwari3,concept,LC-00018,定期預金,定期預金,BS-A-FIX-BASE-T,資産,BS,8080105000129,BS-3-3,0,定期預金
segwari3,instance,L-8080105000129-0018,定期預金,定期預金,LC-00018,資産,BS,8080105000129,BS-3-3,0,定期預金
segwari3,concept,LC-00019,車輛購入積立資産,車輛購入積立資産,BS-A-FIX-OTH-210,資産,BS,8080105000129,BS-3-3,0,車輛購入積立資産
segwari3,instance,L-8080105000129-0019,車輛購入積立資産,車輛購入積立資産,LC-00019,資産,BS,8080105000129,BS-3-3,0,車輛購入積立資産
segwari3,concept,LC-00020,工賃変動積立資産,工賃変動積立資産,BS-A-FIX-OTH-210,資産,BS,8080105000129,BS-3-3,0,工賃変動積立資産
segwari3,instance,L-8080105000129-0020,工賃変動積立資産,工賃変動積立資産,LC-00020,資産,BS,8080105000129,BS-3-3,0,工賃変動積立資産
segwari3,concept,LC-00021,備品積立資産,備品積立資産,BS-A-FIX-OTH-210,資産,BS,8080105000129,BS-3-3,0,備品積立資産
segwari3,instance,L-8080105000129-0021,備品積立資産,備品積立資産,LC-00021,資産,BS,8080105000129,BS-3-3,0,備品積立資産
segwari3,concept,LC-00022,施設整備積立資産,施設整備積立資産,BS-A-FIX-OTH-210,資産,BS,8080105000129,BS-3-3,0,施設整備積立資産
segwari3,instance,L-8080105000129-0022,施設整備積立資産,施設整備積立資産,LC-00022,資産,BS,8080105000129,BS-3-3,0,施設整備積立資産
segwari3,concept,LC-00023,土地,土地,BS-A-FIX-OTH-210,資産,BS,8080105000129,BS-3-3,0,土地
segwari3,instance,L-8080105000129-0023,土地,土地,LC-00023,資産,BS,8080105000129,BS-3-3,0,土地
segwari3,concept,LC-00024,建物,建物,BS-A-FIX-OTH-210,資産,BS,8080105000129,BS-3-3,0,建物
segwari3,instance,L-8080105000129-0024,建物,建物,LC-00024,資産,BS,8080105000129,BS-3-3,0,建物
segwari3,concept,LC-00025,構築物,構築物,BS-A-FIX-OTH-210,資産,BS,8080105000129,BS-3-3,0,構築物
segwari3,instance,L-8080105000129-0025,構築物,構築物,LC-00025,資産,BS,8080105000129,BS-3-3,0,構築物
segwari3,concept,LC-00026,機械及び装置,機械及び装置,BS-A-FIX-OTH-210,資産,BS,8080105000129,BS-3-3,0,機械及び装置
segwari3,instance,L-8080105000129-0026,機械及び装置,機械及び装置,LC-00026,資産,BS,8080105000129,BS-3-3,0,機械及び装置
segwari3,concept,LC-00027,車輌運搬具,車輌運搬具,BS-A-FIX-OTH-210,資産,BS,8080105000129,BS-3-3,0,車輌運搬具
segwari3,instance,L-8080105000129-0027,車輌運搬具,車輌運搬具,LC-00027,資産,BS,8080105000129,BS-3-3,0,車輌運搬具
segwari3,concept,LC-00028,器具及び備品,器具及び備品,BS-A-FIX-OTH-210,資産,BS,8080105000129,BS-3-3,0,器具及び備品
segwari3,instance,L-8080105000129-0028,器具及び備品,器具及び備品,LC-00028,資産,BS,8080105000129,BS-3-3,0,器具及び備品
segwari3,concept,LC-00029,建設仮勘定,建設仮勘定,BS-A-FIX-OTH-210,資産,BS,8080105000129,BS-3-3,0,建設仮勘定
segwari3,instance,L-8080105000129-0029,建設仮勘定,建設仮勘定,LC-00029,資産,BS,8080105000129,BS-3-3,0,建設仮勘定
segwari3,concept,LC-00030,有形リース資産,有形リース資産,BS-A-FIX-OTH-210,資産,BS,8080105000129,BS-3-3,0,有形リース資産
segwari3,instance,L-8080105000129-0030,有形リース資産,有形リース資産,LC-00030,資産,BS,8080105000129,BS-3-3,0,有形リース資産
segwari3,concept,LC-00031,権利,権利,BS-A-FIX-OTH-210,資産,BS,8080105000129,BS-3-3,0,権利
segwari3,instance,L-8080105000129-0031,権利,権利,LC-00031,資産,BS,8080105000129,BS-3-3,0,権利
segwari3,concept,LC-00032,ソフトウェア,ソフトウェア,BS-A-FIX-OTH-210,資産,BS,8080105000129,BS-3-3,0,ソフトウェア
segwari3,instance,L-8080105000129-0032,ソフトウェア,ソフトウェア,LC-00032,資産,BS,8080105000129,BS-3-3,0,ソフトウェア
segwari3,concept,LC-00033,社会福祉連携推進業務長期貸付金,社会福祉連携推進業務長期貸付金,BS-A-FIX-OTH-210,資産,BS,8080105000129,BS-3-3,0,社会福祉連携推進業務長期貸付金
segwari3,instance,L-8080105000129-0033,社会福祉連携推進業務長期貸付金,社会福祉連携推進業務長期貸付金,LC-00033,資産,BS,8080105000129,BS-3-3,0,社会福祉連携推進業務長期貸付金
segwari3,concept,LC-00034,退職給付引当資産,退職給付引当資産,BS-A-FIX-OTH-210,資産,BS,8080105000129,BS-3-3,0,退職給付引当資産
segwari3,instance,L-8080105000129-0034,退職給付引当資産,退職給付引当資産,LC-00034,資産,BS,8080105000129,BS-3-3,0,退職給付引当資産
segwari3,concept,LC-00035,移行時特別積立資産,移行時特別積立資産,BS-A-FIX-OTH-210,資産,BS,8080105000129,BS-3-3,0,移行時特別積立資産
segwari3,instance,L-8080105000129-0035,移行時特別積立資産,移行時特別積立資産,LC-00035,資産,BS,8080105000129,BS-3-3,0,移行時特別積立資産
segwari3,concept,LC-00036,修繕積立資産,修繕積立資産,BS-A-FIX-OTH-210,資産,BS,8080105000129,BS-3-3,0,修繕積立資産
segwari3,instance,L-8080105000129-0036,修繕積立資産,修繕積立資産,LC-00036,資産,BS,8080105000129,BS-3-3,0,修繕積立資産
segwari3,concept,LC-00037,就労設備等積立資産,就労設備等積立資産,BS-A-FIX-OTH-210,資産,BS,8080105000129,BS-3-3,0,就労設備等積立資産
segwari3,instance,L-8080105000129-0037,就労設備等積立資産,就労設備等積立資産,LC-00037,資産,BS,8080105000129,BS-3-3,0,就労設備等積立資産
segwari3,concept,LC-00038,長期前払費用,長期前払費用,BS-A-FIX-OTH-210,資産,BS,8080105000129,BS-3-3,0,長期前払費用
segwari3,instance,L-8080105000129-0038,長期前払費用,長期前払費用,LC-00038,資産,BS,8080105000129,BS-3-3,0,長期前払費用
segwari3,concept,LC-00039,その他の固定資産,その他の固定資産,BS-A-FIX-OTH-210,資産,BS,8080105000129,BS-3-3,0,その他の固定資産
segwari3,instance,L-8080105000129-0039,その他の固定資産,その他の固定資産,LC-00039,資産,BS,8080105000129,BS-3-3,0,その他の固定資産
segwari3,concept,LC-00040,貸倒引当金,貸倒引当金,BS-A-FIX-OTH-210,資産,BS,8080105000129,BS-3-3,0,貸倒引当金
segwari3,instance,L-8080105000129-0040,貸倒引当金,貸倒引当金,LC-00040,資産,BS,8080105000129,BS-3-3,0,貸倒引当金
segwari3,concept,LC-00041,短期運営資金借入金,短期運営資金借入金,BS-L-CUR-T,負債,BS,8080105000129,BS-3-3,0,短期運営資金借入金
segwari3,instance,L-8080105000129-0041,短期運営資金借入金,短期運営資金借入金,LC-00041,負債,BS,8080105000129,BS-3-3,0,短期運営資金借入金
segwari3,concept,LC-00042,事業未払金,事業未払金,BS-L-CUR-T,負債,BS,8080105000129,BS-3-3,0,事業未払金
segwari3,instance,L-8080105000129-0042,事業未払金,事業未払金,LC-00042,負債,BS,8080105000129,BS-3-3,0,事業未払金
segwari3,concept,LC-00043,その他の未払金,その他の未払金,BS-L-CUR-T,負債,BS,8080105000129,BS-3-3,0,その他の未払金
segwari3,instance,L-8080105000129-0043,その他の未払金,その他の未払金,LC-00043,負債,BS,8080105000129,BS-3-3,0,その他の未払金
segwari3,concept,LC-00044,社会福祉連携推進業務短期運営資金借入金,社会福祉連携推進業務短期運営資金借入金,BS-L-CUR-T,負債,BS,8080105000129,BS-3-3,0,社会福祉連携推進業務短期運営資金借入金
segwari3,instance,L-8080105000129-0044,社会福祉連携推進業務短期運営資金借入金,社会福祉連携推進業務短期運営資金借入金,LC-00044,負債,BS,8080105000129,BS-3-3,0,社会福祉連携推進業務短期運営資金借入金
segwari3,concept,LC-00045,１年以内返済予定社会福祉連携推進業務設備資金借入金,1年以内返済予定社会福祉連携推進業務設備資金借入金,BS-L-CUR-T,負債,BS,8080105000129,BS-3-3,0,１年以内返済予定社会福祉連携推進業務設備資金借入金
segwari3,instance,L-8080105000129-0045,１年以内返済予定社会福祉連携推進業務設備資金借入金,1年以内返済予定社会福祉連携推進業務設備資金借入金,LC-00045,負債,BS,8080105000129,BS-3-3,0,１年以内返済予定社会福祉連携推進業務設備資金借入金
segwari3,concept,LC-00046,１年以内返済予定設備資金借入金,1年以内返済予定設備資金借入金,BS-L-CUR-T,負債,BS,8080105000129,BS-3-3,0,１年以内返済予定設備資金借入金
segwari3,instance,L-8080105000129-0046,１年以内返済予定設備資金借入金,1年以内返済予定設備資金借入金,LC-00046,負債,BS,8080105000129,BS-3-3,0,１年以内返済予定設備資金借入金
segwari3,concept,LC-00047,１年以内返済予定社会福祉連携推進業務長期運営資金借入金,1年以内返済予定社会福祉連携推進業務長期運営資金借入金,BS-L-CUR-T,負債,BS,8080105000129,BS-3-3,0,１年以内返済予定社会福祉連携推進業務長期運営資金借入金
segwari3,instance,L-8080105000129-0047,１年以内返済予定社会福祉連携推進業務長期運営資金借入金,1年以内返済予定社会福祉連携推進業務長期運営資金借入金,LC-00047,負債,BS,8080105000129,BS-3-3,0,１年以内返済予定社会福祉連携推進業務長期運営資金借入金
segwari3,concept,LC-00048,１年以内返済予定リース債務,1年以内返済予定リース債務,BS-L-CUR-T,負債,BS,8080105000129,BS-3-3,0,１年以内返済予定リース債務
segwari3,instance,L-8080105000129-0048,１年以内返済予定リース債務,1年以内返済予定リース債務,LC-00048,負債,BS,8080105000129,BS-3-3,0,１年以内返済予定リース債務
segwari3,concept,LC-00049,未払費用,未払費用,BS-L-CUR-T,負債,BS,8080105000129,BS-3-3,0,未払費用
segwari3,instance,L-8080105000129-0049,未払費用,未払費用,LC-00049,負債,BS,8080105000129,BS-3-3,0,未払費用
segwari3,concept,LC-00050,預り金,預り金,BS-L-CUR-T,負債,BS,8080105000129,BS-3-3,0,預り金
segwari3,instance,L-8080105000129-0050,預り金,預り金,LC-00050,負債,BS,8080105000129,BS-3-3,0,預り金
segwari3,concept,LC-00051,職員預り金,職員預り金,BS-L-CUR-T,負債,BS,8080105000129,BS-3-3,0,職員預り金
segwari3,instance,L-8080105000129-0051,職員預り金,職員預り金,LC-00051,負債,BS,8080105000129,BS-3-3,0,職員預り金
segwari3,concept,LC-00052,前受金,前受金,BS-L-CUR-T,負債,BS,8080105000129,BS-3-3,0,前受金
segwari3,instance,L-8080105000129-0052,前受金,前受金,LC-00052,負債,BS,8080105000129,BS-3-3,0,前受金
segwari3,concept,LC-00053,事業区分間借入金,事業区分間借入金,BS-L-CUR-T,負債,BS,8080105000129,BS-3-3,0,事業区分間借入金
segwari3,instance,L-8080105000129-0053,事業区分間借入金,事業区分間借入金,LC-00053,負債,BS,8080105000129,BS-3-3,0,事業区分間借入金
segwari3,concept,LC-00054,拠点区分間借入金,拠点区分間借入金,BS-L-CUR-T,負債,BS,8080105000129,BS-3-3,0,拠点区分間借入金
segwari3,instance,L-8080105000129-0054,拠点区分間借入金,拠点区分間借入金,LC-00054,負債,BS,8080105000129,BS-3-3,0,拠点区分間借入金
segwari3,concept,LC-00055,仮受金,仮受金,BS-L-CUR-T,負債,BS,8080105000129,BS-3-3,0,仮受金
segwari3,instance,L-8080105000129-0055,仮受金,仮受金,LC-00055,負債,BS,8080105000129,BS-3-3,0,仮受金
segwari3,concept,LC-00056,賞与引当金,賞与引当金,BS-L-CUR-T,負債,BS,8080105000129,BS-3-3,0,賞与引当金
segwari3,instance,L-8080105000129-0056,賞与引当金,賞与引当金,LC-00056,負債,BS,8080105000129,BS-3-3,0,賞与引当金
segwari3,concept,LC-00057,その他の流動負債,その他の流動負債,BS-L-CUR-T,負債,BS,8080105000129,BS-3-3,0,その他の流動負債
segwari3,instance,L-8080105000129-0057,その他の流動負債,その他の流動負債,LC-00057,負債,BS,8080105000129,BS-3-3,0,その他の流動負債
segwari3,concept,LC-00058,社会福祉連携推進業務設備資金借入金,社会福祉連携推進業務設備資金借入金,BS-L-FIX-T,負債,BS,8080105000129,BS-3-3,0,社会福祉連携推進業務設備資金借入金
segwari3,instance,L-8080105000129-0058,社会福祉連携推進業務設備資金借入金,社会福祉連携推進業務設備資金借入金,LC-00058,負債,BS,8080105000129,BS-3-3,0,社会福祉連携推進業務設備資金借入金
segwari3,concept,LC-00059,設備資金借入金,設備資金借入金,BS-L-FIX-T,負債,BS,8080105000129,BS-3-3,0,設備資金借入金
segwari3,instance,L-8080105000129-0059,設備資金借入金,設備資金借入金,LC-00059,負債,BS,8080105000129,BS-3-3,0,設備資金借入金
segwari3,concept,LC-00060,社会福祉連携推進業務長期運営資金借入金,社会福祉連携推進業務長期運営資金借入金,BS-L-FIX-T,負債,BS,8080105000129,BS-3-3,0,社会福祉連携推進業務長期運営資金借入金
segwari3,instance,L-8080105000129-0060,社会福祉連携推進業務長期運営資金借入金,社会福祉連携推進業務長期運営資金借入金,LC-00060,負債,BS,8080105000129,BS-3-3,0,社会福祉連携推進業務長期運営資金借入金
segwari3,concept,LC-00061,リース債務,リース債務,BS-L-FIX-T,負債,BS,8080105000129,BS-3-3,0,リース債務
segwari3,instance,L-8080105000129-0061,リース債務,リース債務,LC-00061,負債,BS,8080105000129,BS-3-3,0,リース債務
segwari3,concept,LC-00062,退職給付引当金,退職給付引当金,BS-L-FIX-T,負債,BS,8080105000129,BS-3-3,0,退職給付引当金
segwari3,instance,L-8080105000129-0062,退職給付引当金,退職給付引当金,LC-00062,負債,BS,8080105000129,BS-3-3,0,退職給付引当金
segwari3,concept,LC-00063,その他の固定負債,その他の固定負債,BS-L-FIX-T,負債,BS,8080105000129,BS-3-3,0,その他の固定負債
segwari3,instance,L-8080105000129-0063,その他の固定負債,その他の固定負債,LC-00063,負債,BS,8080105000129,BS-3-3,0,その他の固定負債
segwari3,concept,LC-00064,移行時特別積立金,移行時特別積立金,BS-N-OTH-T,純資産,BS,8080105000129,BS-3-3,0,移行時特別積立金
segwari3,instance,L-8080105000129-0064,移行時特別積立金,移行時特別積立金,LC-00064,純資産,BS,8080105000129,BS-3-3,0,移行時特別積立金
segwari3,concept,LC-00065,修繕積立金,修繕積立金,BS-N-OTH-T,純資産,BS,8080105000129,BS-3-3,0,修繕積立金
segwari3,instance,L-8080105000129-0065,修繕積立金,修繕積立金,LC-00065,純資産,BS,8080105000129,BS-3-3,0,修繕積立金
segwari3,concept,LC-00066,就労設備等積立金,就労設備等積立金,BS-N-OTH-T,純資産,BS,8080105000129,BS-3-3,0,就労設備等積立金
segwari3,instance,L-8080105000129-0066,就労設備等積立金,就労設備等積立金,LC-00066,純資産,BS,8080105000129,BS-3-3,0,就労設備等積立金
segwari3,concept,LC-00067,車輛購入積立金,車輛購入積立金,BS-N-OTH-T,純資産,BS,8080105000129,BS-3-3,0,車輛購入積立金
segwari3,instance,L-8080105000129-0067,車輛購入積立金,車輛購入積立金,LC-00067,純資産,BS,8080105000129,BS-3-3,0,車輛購入積立金
segwari3,concept,LC-00068,工賃変動積立金,工賃変動積立金,BS-N-OTH-T,純資産,BS,8080105000129,BS-3-3,0,工賃変動積立金
segwari3,instance,L-8080105000129-0068,工賃変動積立金,工賃変動積立金,LC-00068,純資産,BS,8080105000129,BS-3-3,0,工賃変動積立金
segwari3,concept,LC-00069,備品積立金,備品積立金,BS-N-OTH-T,純資産,BS,8080105000129,BS-3-3,0,備品積立金
segwari3,instance,L-8080105000129-0069,備品積立金,備品積立金,LC-00069,純資産,BS,8080105000129,BS-3-3,0,備品積立金
segwari3,concept,LC-00070,施設整備積立金,施設整備積立金,BS-N-OTH-T,純資産,BS,8080105000129,BS-3-3,0,施設整備積立金
segwari3,instance,L-8080105000129-0070,施設整備積立金,施設整備積立金,LC-00070,純資産,BS,8080105000129,BS-3-3,0,施設整備積立金
kyoten4,concept,LC-00001,第一事業収入,第一事業収入,CF-A-INC-010,収入,CF,8080105000129,CF-1-4,0,第一事業収入
kyoten4,instance,L-8080105000129-0001,第一事業収入,第一事業収入,LC-00001,収入,CF,8080105000129,CF-1-4,0,第一事業収入
kyoten4,concept,LC-00002,第二事業収入,第二事業収入,CF-A-INC-010,収入,CF,8080105000129,CF-1-4,0,第二事業収入
kyoten4,instance,L-8080105000129-0002,第二事業収入,第二事業収入,LC-00002,収入,CF,8080105000129,CF-1-4,0,第二事業収入
kyoten4,concept,LC-00003,第三事業収入,第三事業収入,CF-A-INC-010,収入,CF,8080105000129,CF-1-4,0,第三事業収入
kyoten4,instance,L-8080105000129-0003,第三事業収入,第三事業収入,LC-00003,収入,CF,8080105000129,CF-1-4,0,第三事業収入
kyoten4,concept,LC-00004,自立支援給付費収入,自立支援給付費収入,CF-A-INC-020,収入,CF,8080105000129,CF-1-4,0,自立支援給付費収入
kyoten4,instance,L-8080105000129-0004,自立支援給付費収入,自立支援給付費収入,LC-00004,収入,CF,8080105000129,CF-1-4,0,自立支援給付費収入
kyoten4,concept,LC-00005,特例介護給付費収入,特例介護給付費収入,L-8080105000129-0004,収入,CF,8080105000129,CF-1-4,0,特例介護給付費収入
kyoten4,instance,L-8080105000129-0005,特例介護給付費収入,特例介護給付費収入,LC-00005,収入,CF,8080105000129,CF-1-4,0,特例介護給付費収入
kyoten4,concept,LC-00006,訓練等給付費収入（就労継続）,訓練等給付費収入(就労継続),L-8080105000129-0004,収入,CF,8080105000129,CF-1-4,0,訓練等給付費収入（就労継続）
kyoten4,instance,L-8080105000129-0006,訓練等給付費収入（就労継続）,訓練等給付費収入(就労継続),LC-00006,収入,CF,8080105000129,CF-1-4,0,訓練等給付費収入（就労継続）
kyoten4,concept,LC-00007,介護給付費収入（施設入所）,介護給付費収入(施設入所),L-8080105000129-0004,収入,CF,8080105000129,CF-1-4,0,介護給付費収入（施設入所）
kyoten4,instance,L-8080105000129-0007,介護給付費収入（施設入所）,介護給付費収入(施設入所),LC-00007,収入,CF,8080105000129,CF-1-4,0,介護給付費収入（施設入所）
kyoten4,concept,LC-00008,介護給付費収入（生活介護）,介護給付費収入(生活介護),L-8080105000129-0004,収入,CF,8080105000129,CF-1-4,0,介護給付費収入（生活介護）
kyoten4,instance,L-8080105000129-0008,介護給付費収入（生活介護）,介護給付費収入(生活介護),LC-00008,収入,CF,8080105000129,CF-1-4,0,介護給付費収入（生活介護）
kyoten4,concept,LC-00009,介護給付費収入（短期入所）,介護給付費収入(短期入所),L-8080105000129-0004,収入,CF,8080105000129,CF-1-4,0,介護給付費収入（短期入所）
kyoten4,instance,L-8080105000129-0009,介護給付費収入（短期入所）,介護給付費収入(短期入所),LC-00009,収入,CF,8080105000129,CF-1-4,0,介護給付費収入（短期入所）
kyoten4,concept,LC-00010,訓練等給付費収入,訓練等給付費収入,L-8080105000129-0004,収入,CF,8080105000129,CF-1-4,0,訓練等給付費収入
kyoten4,instance,L-8080105000129-0010,訓練等給付費収入,訓練等給付費収入,LC-00010,収入,CF,8080105000129,CF-1-4,0,訓練等給付費収入
kyoten4,concept,LC-00011,訓練等給付費収入（自立）,訓練等給付費収入(自立),L-8080105000129-0004,収入,CF,8080105000129,CF-1-4,0,訓練等給付費収入（自立）
kyoten4,instance,L-8080105000129-0011,訓練等給付費収入（自立）,訓練等給付費収入(自立),LC-00011,収入,CF,8080105000129,CF-1-4,0,訓練等給付費収入（自立）
kyoten4,concept,LC-00012,訓練等給付費収入（就労定着）,訓練等給付費収入(就労定着),L-8080105000129-0004,収入,CF,8080105000129,CF-1-4,0,訓練等給付費収入（就労定着）
kyoten4,instance,L-8080105000129-0012,訓練等給付費収入（就労定着）,訓練等給付費収入(就労定着),LC-00012,収入,CF,8080105000129,CF-1-4,0,訓練等給付費収入（就労定着）
kyoten4,concept,LC-00013,訓練等給付費収入（就労移行）,訓練等給付費収入(就労移行),L-8080105000129-0004,収入,CF,8080105000129,CF-1-4,0,訓練等給付費収入（就労移行）
kyoten4,instance,L-8080105000129-0013,訓練等給付費収入（就労移行）,訓練等給付費収入(就労移行),LC-00013,収入,CF,8080105000129,CF-1-4,0,訓練等給付費収入（就労移行）
kyoten4,concept,LC-00014,計画相談支援給付費収入,計画相談支援給付費収入,L-8080105000129-0004,収入,CF,8080105000129,CF-1-4,0,計画相談支援給付費収入
kyoten4,instance,L-8080105000129-0014,計画相談支援給付費収入,計画相談支援給付費収入,LC-00014,収入,CF,8080105000129,CF-1-4,0,計画相談支援給付費収入
kyoten4,concept,LC-00015,利用者負担金収入,利用者負担金収入,CF-A-INC-020,収入,CF,8080105000129,CF-1-4,0,利用者負担金収入
kyoten4,instance,L-8080105000129-0015,利用者負担金収入,利用者負担金収入,LC-00015,収入,CF,8080105000129,CF-1-4,0,利用者負担金収入
kyoten4,concept,LC-00016,補足給付費収入,補足給付費収入,CF-A-INC-020,収入,CF,8080105000129,CF-1-4,0,補足給付費収入
kyoten4,instance,L-8080105000129-0016,補足給付費収入,補足給付費収入,LC-00016,収入,CF,8080105000129,CF-1-4,0,補足給付費収入
kyoten4,concept,LC-00017,特定障害者特別給付費収入,特定障害者特別給付費収入,L-8080105000129-0016,収入,CF,8080105000129,CF-1-4,0,特定障害者特別給付費収入
kyoten4,instance,L-8080105000129-0017,特定障害者特別給付費収入,特定障害者特別給付費収入,LC-00017,収入,CF,8080105000129,CF-1-4,0,特定障害者特別給付費収入
kyoten4,concept,LC-00018,特定費用収入,特定費用収入,CF-A-INC-020,収入,CF,8080105000129,CF-1-4,0,特定費用収入
kyoten4,instance,L-8080105000129-0018,特定費用収入,特定費用収入,LC-00018,収入,CF,8080105000129,CF-1-4,0,特定費用収入
kyoten4,concept,LC-00019,その他の事業収入,その他の事業収入,CF-A-INC-020,収入,CF,8080105000129,CF-1-4,0,その他の事業収入
kyoten4,instance,L-8080105000129-0019,その他の事業収入,その他の事業収入,LC-00019,収入,CF,8080105000129,CF-1-4,0,その他の事業収入
kyoten4,concept,LC-00020,補助金事業収入（公費）,補助金事業収入(公費),L-8080105000129-0019,収入,CF,8080105000129,CF-1-4,0,補助金事業収入（公費）
kyoten4,instance,L-8080105000129-0020,補助金事業収入（公費）,補助金事業収入(公費),LC-00020,収入,CF,8080105000129,CF-1-4,0,補助金事業収入（公費）
kyoten4,concept,LC-00021,補助金事業収入（一般）,補助金事業収入(一般),L-8080105000129-0019,収入,CF,8080105000129,CF-1-4,0,補助金事業収入（一般）
kyoten4,instance,L-8080105000129-0021,補助金事業収入（一般）,補助金事業収入(一般),LC-00021,収入,CF,8080105000129,CF-1-4,0,補助金事業収入（一般）
kyoten4,concept,LC-00022,受託事業収入（公費）,受託事業収入(公費),L-8080105000129-0019,収入,CF,8080105000129,CF-1-4,0,受託事業収入（公費）
kyoten4,instance,L-8080105000129-0022,受託事業収入（公費）,受託事業収入(公費),LC-00022,収入,CF,8080105000129,CF-1-4,0,受託事業収入（公費）
kyoten4,concept,LC-00023,受託事業収入（一般）,受託事業収入(一般),L-8080105000129-0019,収入,CF,8080105000129,CF-1-4,0,受託事業収入（一般）
kyoten4,instance,L-8080105000129-0023,受託事業収入（一般）,受託事業収入(一般),LC-00023,収入,CF,8080105000129,CF-1-4,0,受託事業収入（一般）
kyoten4,concept,LC-00024,その他の事業収入,その他の事業収入,L-8080105000129-0019,収入,CF,8080105000129,CF-1-4,0,その他の事業収入
kyoten4,instance,L-8080105000129-0024,その他の事業収入,その他の事業収入,LC-00024,収入,CF,8080105000129,CF-1-4,0,その他の事業収入
kyoten4,concept,LC-00025,その他の事業収入,その他の事業収入,CF-A-INC-030,収入,CF,8080105000129,CF-1-4,0,その他の事業収入
kyoten4,instance,L-8080105000129-0025,その他の事業収入,その他の事業収入,LC-00025,収入,CF,8080105000129,CF-1-4,0,その他の事業収入
kyoten4,concept,LC-00026,補助金事業収入（公費）,補助金事業収入(公費),L-8080105000129-0025,収入,CF,8080105000129,CF-1-4,0,補助金事業収入（公費）
kyoten4,instance,L-8080105000129-0026,補助金事業収入（公費）,補助金事業収入(公費),LC-00026,収入,CF,8080105000129,CF-1-4,0,補助金事業収入（公費）
kyoten4,concept,LC-00027,補助金事業収入（一般）,補助金事業収入(一般),L-8080105000129-0025,収入,CF,8080105000129,CF-1-4,0,補助金事業収入（一般）
kyoten4,instance,L-8080105000129-0027,補助金事業収入（一般）,補助金事業収入(一般),LC-00027,収入,CF,8080105000129,CF-1-4,0,補助金事業収入（一般）
kyoten4,concept,LC-00028,研修センター事業収入,研修センター事業収入,CF-A-INC-040,収入,CF,8080105000129,CF-1-4,0,研修センター事業収入
kyoten4,instance,L-8080105000129-0028,研修センター事業収入,研修センター事業収入,LC-00028,収入,CF,8080105000129,CF-1-4,0,研修センター事業収入
kyoten4,concept,LC-00029,歯科診療所運営費収入,歯科診療所運営費収入,CF-A-INC-050,収入,CF,8080105000129,CF-1-4,0,歯科診療所運営費収入
kyoten4,instance,L-8080105000129-0029,歯科診療所運営費収入,歯科診療所運営費収入,LC-00029,収入,CF,8080105000129,CF-1-4,0,歯科診療所運営費収入
kyoten4,concept,LC-00030,訓練校給食受託事業収入,訓練校給食受託事業収入,CF-A-INC-060,収入,CF,8080105000129,CF-1-4,0,訓練校給食受託事業収入
kyoten4,instance,L-8080105000129-0030,訓練校給食受託事業収入,訓練校給食受託事業収入,LC-00030,収入,CF,8080105000129,CF-1-4,0,訓練校給食受託事業収入
kyoten4,concept,LC-00031,経常経費補助金収入,経常経費補助金収入,CF-A-INC-070,収入,CF,8080105000129,CF-1-4,0,経常経費補助金収入
kyoten4,instance,L-8080105000129-0031,経常経費補助金収入,経常経費補助金収入,LC-00031,収入,CF,8080105000129,CF-1-4,0,経常経費補助金収入
kyoten4,concept,LC-00032,受入研修費収入,受入研修費収入,CF-A-INC-120,収入,CF,8080105000129,CF-1-4,0,受入研修費収入
kyoten4,instance,L-8080105000129-0032,受入研修費収入,受入研修費収入,LC-00032,収入,CF,8080105000129,CF-1-4,0,受入研修費収入
kyoten4,concept,LC-00033,利用者等外給食費収入,利用者等外給食費収入,CF-A-INC-120,収入,CF,8080105000129,CF-1-4,0,利用者等外給食費収入
kyoten4,instance,L-8080105000129-0033,利用者等外給食費収入,利用者等外給食費収入,LC-00033,収入,CF,8080105000129,CF-1-4,0,利用者等外給食費収入
kyoten4,concept,LC-00034,雑収入,雑収入,CF-A-INC-120,収入,CF,8080105000129,CF-1-4,0,雑収入
kyoten4,instance,L-8080105000129-0034,雑収入,雑収入,LC-00034,収入,CF,8080105000129,CF-1-4,0,雑収入
kyoten4,concept,LC-00035,役員報酬支出,役員報酬支出,CF-A-EXP-010,支出,CF,8080105000129,CF-1-4,0,役員報酬支出
kyoten4,instance,L-8080105000129-0035,役員報酬支出,役員報酬支出,LC-00035,支出,CF,8080105000129,CF-1-4,0,役員報酬支出
kyoten4,concept,LC-00036,職員給料支出,職員給料支出,CF-A-EXP-010,支出,CF,8080105000129,CF-1-4,0,職員給料支出
kyoten4,instance,L-8080105000129-0036,職員給料支出,職員給料支出,LC-00036,支出,CF,8080105000129,CF-1-4,0,職員給料支出
kyoten4,concept,LC-00037,職員賞与支出,職員賞与支出,CF-A-EXP-010,支出,CF,8080105000129,CF-1-4,0,職員賞与支出
kyoten4,instance,L-8080105000129-0037,職員賞与支出,職員賞与支出,LC-00037,支出,CF,8080105000129,CF-1-4,0,職員賞与支出
kyoten4,concept,LC-00038,非常勤職員給与支出,非常勤職員給与支出,CF-A-EXP-010,支出,CF,8080105000129,CF-1-4,0,非常勤職員給与支出
kyoten4,instance,L-8080105000129-0038,非常勤職員給与支出,非常勤職員給与支出,LC-00038,支出,CF,8080105000129,CF-1-4,0,非常勤職員給与支出
kyoten4,concept,LC-00039,退職給付支出,退職給付支出,CF-A-EXP-010,支出,CF,8080105000129,CF-1-4,0,退職給付支出
kyoten4,instance,L-8080105000129-0039,退職給付支出,退職給付支出,LC-00039,支出,CF,8080105000129,CF-1-4,0,退職給付支出
kyoten4,concept,LC-00040,法定福利費支出,法定福利費支出,CF-A-EXP-010,支出,CF,8080105000129,CF-1-4,0,法定福利費支出
kyoten4,instance,L-8080105000129-0040,法定福利費支出,法定福利費支出,LC-00040,支出,CF,8080105000129,CF-1-4,0,法定福利費支出
kyoten4,concept,LC-00041,給食費支出,給食費支出,CF-A-EXP-020,支出,CF,8080105000129,CF-1-4,0,給食費支出
kyoten4,instance,L-8080105000129-0041,給食費支出,給食費支出,LC-00041,支出,CF,8080105000129,CF-1-4,0,給食費支出
kyoten4,concept,LC-00042,介護用品費支出,介護用品費支出,CF-A-EXP-020,支出,CF,8080105000129,CF-1-4,0,介護用品費支出
kyoten4,instance,L-8080105000129-0042,介護用品費支出,介護用品費支出,LC-00042,支出,CF,8080105000129,CF-1-4,0,介護用品費支出
kyoten4,concept,LC-00043,保健衛生費支出,保健衛生費支出,CF-A-EXP-020,支出,CF,8080105000129,CF-1-4,0,保健衛生費支出
kyoten4,instance,L-8080105000129-0043,保健衛生費支出,保健衛生費支出,LC-00043,支出,CF,8080105000129,CF-1-4,0,保健衛生費支出
kyoten4,concept,LC-00044,被服費支出,被服費支出,CF-A-EXP-020,支出,CF,8080105000129,CF-1-4,0,被服費支出
kyoten4,instance,L-8080105000129-0044,被服費支出,被服費支出,LC-00044,支出,CF,8080105000129,CF-1-4,0,被服費支出
kyoten4,concept,LC-00045,教養娯楽費支出,教養娯楽費支出,CF-A-EXP-020,支出,CF,8080105000129,CF-1-4,0,教養娯楽費支出
kyoten4,instance,L-8080105000129-0045,教養娯楽費支出,教養娯楽費支出,LC-00045,支出,CF,8080105000129,CF-1-4,0,教養娯楽費支出
kyoten4,concept,LC-00046,日用品費支出,日用品費支出,CF-A-EXP-020,支出,CF,8080105000129,CF-1-4,0,日用品費支出
kyoten4,instance,L-8080105000129-0046,日用品費支出,日用品費支出,LC-00046,支出,CF,8080105000129,CF-1-4,0,日用品費支出
kyoten4,concept,LC-00047,本人支給金支出,本人支給金支出,CF-A-EXP-020,支出,CF,8080105000129,CF-1-4,0,本人支給金支出
kyoten4,instance,L-8080105000129-0047,本人支給金支出,本人支給金支出,LC-00047,支出,CF,8080105000129,CF-1-4,0,本人支給金支出
kyoten4,concept,LC-00048,水道光熱費支出,水道光熱費支出,CF-A-EXP-020,支出,CF,8080105000129,CF-1-4,0,水道光熱費支出
kyoten4,instance,L-8080105000129-0048,水道光熱費支出,水道光熱費支出,LC-00048,支出,CF,8080105000129,CF-1-4,0,水道光熱費支出
kyoten4,concept,LC-00049,燃料費支出,燃料費支出,CF-A-EXP-020,支出,CF,8080105000129,CF-1-4,0,燃料費支出
kyoten4,instance,L-8080105000129-0049,燃料費支出,燃料費支出,LC-00049,支出,CF,8080105000129,CF-1-4,0,燃料費支出
kyoten4,concept,LC-00050,消耗器具備品費支出,消耗器具備品費支出,CF-A-EXP-020,支出,CF,8080105000129,CF-1-4,0,消耗器具備品費支出
kyoten4,instance,L-8080105000129-0050,消耗器具備品費支出,消耗器具備品費支出,LC-00050,支出,CF,8080105000129,CF-1-4,0,消耗器具備品費支出
kyoten4,concept,LC-00051,保険料支出,保険料支出,CF-A-EXP-020,支出,CF,8080105000129,CF-1-4,0,保険料支出
kyoten4,instance,L-8080105000129-0051,保険料支出,保険料支出,LC-00051,支出,CF,8080105000129,CF-1-4,0,保険料支出
kyoten4,concept,LC-00052,賃借料支出,賃借料支出,CF-A-EXP-020,支出,CF,8080105000129,CF-1-4,0,賃借料支出
kyoten4,instance,L-8080105000129-0052,賃借料支出,賃借料支出,LC-00052,支出,CF,8080105000129,CF-1-4,0,賃借料支出
kyoten4,concept,LC-00053,教育指導費支出,教育指導費支出,CF-A-EXP-020,支出,CF,8080105000129,CF-1-4,0,教育指導費支出
kyoten4,instance,L-8080105000129-0053,教育指導費支出,教育指導費支出,LC-00053,支出,CF,8080105000129,CF-1-4,0,教育指導費支出
kyoten4,concept,LC-00054,車輌費支出,車輌費支出,CF-A-EXP-020,支出,CF,8080105000129,CF-1-4,0,車輌費支出
kyoten4,instance,L-8080105000129-0054,車輌費支出,車輌費支出,LC-00054,支出,CF,8080105000129,CF-1-4,0,車輌費支出
kyoten4,concept,LC-00055,雑支出,雑支出,CF-A-EXP-020,支出,CF,8080105000129,CF-1-4,0,雑支出
kyoten4,instance,L-8080105000129-0055,雑支出,雑支出,LC-00055,支出,CF,8080105000129,CF-1-4,0,雑支出
kyoten4,concept,LC-00056,福利厚生費支出,福利厚生費支出,CF-A-EXP-030,支出,CF,8080105000129,CF-1-4,0,福利厚生費支出
kyoten4,instance,L-8080105000129-0056,福利厚生費支出,福利厚生費支出,LC-00056,支出,CF,8080105000129,CF-1-4,0,福利厚生費支出
kyoten4,concept,LC-00057,職員被服費支出,職員被服費支出,CF-A-EXP-030,支出,CF,8080105000129,CF-1-4,0,職員被服費支出
kyoten4,instance,L-8080105000129-0057,職員被服費支出,職員被服費支出,LC-00057,支出,CF,8080105000129,CF-1-4,0,職員被服費支出
kyoten4,concept,LC-00058,旅費交通費支出,旅費交通費支出,CF-A-EXP-030,支出,CF,8080105000129,CF-1-4,0,旅費交通費支出
kyoten4,instance,L-8080105000129-0058,旅費交通費支出,旅費交通費支出,LC-00058,支出,CF,8080105000129,CF-1-4,0,旅費交通費支出
kyoten4,concept,LC-00059,研修研究費支出,研修研究費支出,CF-A-EXP-030,支出,CF,8080105000129,CF-1-4,0,研修研究費支出
kyoten4,instance,L-8080105000129-0059,研修研究費支出,研修研究費支出,LC-00059,支出,CF,8080105000129,CF-1-4,0,研修研究費支出
kyoten4,concept,LC-00060,事務消耗品費支出,事務消耗品費支出,CF-A-EXP-030,支出,CF,8080105000129,CF-1-4,0,事務消耗品費支出
kyoten4,instance,L-8080105000129-0060,事務消耗品費支出,事務消耗品費支出,LC-00060,支出,CF,8080105000129,CF-1-4,0,事務消耗品費支出
kyoten4,concept,LC-00061,印刷製本費支出,印刷製本費支出,CF-A-EXP-030,支出,CF,8080105000129,CF-1-4,0,印刷製本費支出
kyoten4,instance,L-8080105000129-0061,印刷製本費支出,印刷製本費支出,LC-00061,支出,CF,8080105000129,CF-1-4,0,印刷製本費支出
kyoten4,concept,LC-00062,水道光熱費支出,水道光熱費支出,CF-A-EXP-030,支出,CF,8080105000129,CF-1-4,0,水道光熱費支出
kyoten4,instance,L-8080105000129-0062,水道光熱費支出,水道光熱費支出,LC-00062,支出,CF,8080105000129,CF-1-4,0,水道光熱費支出
kyoten4,concept,LC-00063,燃料費支出,燃料費支出,CF-A-EXP-030,支出,CF,8080105000129,CF-1-4,0,燃料費支出
kyoten4,instance,L-8080105000129-0063,燃料費支出,燃料費支出,LC-00063,支出,CF,8080105000129,CF-1-4,0,燃料費支出
kyoten4,concept,LC-00064,修繕費支出,修繕費支出,CF-A-EXP-030,支出,CF,8080105000129,CF-1-4,0,修繕費支出
kyoten4,instance,L-8080105000129-0064,修繕費支出,修繕費支出,LC-00064,支出,CF,8080105000129,CF-1-4,0,修繕費支出
kyoten4,concept,LC-00065,通信運搬費支出,通信運搬費支出,CF-A-EXP-030,支出,CF,8080105000129,CF-1-4,0,通信運搬費支出
kyoten4,instance,L-8080105000129-0065,通信運搬費支出,通信運搬費支出,LC-00065,支出,CF,8080105000129,CF-1-4,0,通信運搬費支出
kyoten4,concept,LC-00066,会議費支出,会議費支出,CF-A-EXP-030,支出,CF,8080105000129,CF-1-4,0,会議費支出
kyoten4,instance,L-8080105000129-0066,会議費支出,会議費支出,LC-00066,支出,CF,8080105000129,CF-1-4,0,会議費支出
kyoten4,concept,LC-00067,広報費支出,広報費支出,CF-A-EXP-030,支出,CF,8080105000129,CF-1-4,0,広報費支出
kyoten4,instance,L-8080105000129-0067,広報費支出,広報費支出,LC-00067,支出,CF,8080105000129,CF-1-4,0,広報費支出
kyoten4,concept,LC-00068,業務委託費支出,業務委託費支出,CF-A-EXP-030,支出,CF,8080105000129,CF-1-4,0,業務委託費支出
kyoten4,instance,L-8080105000129-0068,業務委託費支出,業務委託費支出,LC-00068,支出,CF,8080105000129,CF-1-4,0,業務委託費支出
kyoten4,concept,LC-00069,手数料支出,手数料支出,CF-A-EXP-030,支出,CF,8080105000129,CF-1-4,0,手数料支出
kyoten4,instance,L-8080105000129-0069,手数料支出,手数料支出,LC-00069,支出,CF,8080105000129,CF-1-4,0,手数料支出
kyoten4,concept,LC-00070,保険料支出,保険料支出,CF-A-EXP-030,支出,CF,8080105000129,CF-1-4,0,保険料支出
kyoten4,instance,L-8080105000129-0070,保険料支出,保険料支出,LC-00070,支出,CF,8080105000129,CF-1-4,0,保険料支出
kyoten4,concept,LC-00071,賃借料支出,賃借料支出,CF-A-EXP-030,支出,CF,8080105000129,CF-1-4,0,賃借料支出
kyoten4,instance,L-8080105000129-0071,賃借料支出,賃借料支出,LC-00071,支出,CF,8080105000129,CF-1-4,0,賃借料支出
kyoten4,concept,LC-00072,土地・建物賃借料支出,土地建物賃借料支出,CF-A-EXP-030,支出,CF,8080105000129,CF-1-4,0,土地・建物賃借料支出
kyoten4,instance,L-8080105000129-0072,土地・建物賃借料支出,土地建物賃借料支出,LC-00072,支出,CF,8080105000129,CF-1-4,0,土地・建物賃借料支出
kyoten4,concept,LC-00073,租税公課支出,租税公課支出,CF-A-EXP-030,支出,CF,8080105000129,CF-1-4,0,租税公課支出
kyoten4,instance,L-8080105000129-0073,租税公課支出,租税公課支出,LC-00073,支出,CF,8080105000129,CF-1-4,0,租税公課支出
kyoten4,concept,LC-00074,保守料支出,保守料支出,CF-A-EXP-030,支出,CF,8080105000129,CF-1-4,0,保守料支出
kyoten4,instance,L-8080105000129-0074,保守料支出,保守料支出,LC-00074,支出,CF,8080105000129,CF-1-4,0,保守料支出
kyoten4,concept,LC-00075,渉外費支出,渉外費支出,CF-A-EXP-030,支出,CF,8080105000129,CF-1-4,0,渉外費支出
kyoten4,instance,L-8080105000129-0075,渉外費支出,渉外費支出,LC-00075,支出,CF,8080105000129,CF-1-4,0,渉外費支出
kyoten4,concept,LC-00076,諸会費支出,諸会費支出,CF-A-EXP-030,支出,CF,8080105000129,CF-1-4,0,諸会費支出
kyoten4,instance,L-8080105000129-0076,諸会費支出,諸会費支出,LC-00076,支出,CF,8080105000129,CF-1-4,0,諸会費支出
kyoten4,concept,LC-00077,雑支出,雑支出,CF-A-EXP-030,支出,CF,8080105000129,CF-1-4,0,雑支出
kyoten4,instance,L-8080105000129-0077,雑支出,雑支出,LC-00077,支出,CF,8080105000129,CF-1-4,0,雑支出
kyoten4,concept,LC-00078,就労支援事業販売原価支出,就労支援事業販売原価支出,CF-A-EXP-040,支出,CF,8080105000129,CF-1-4,0,就労支援事業販売原価支出
kyoten4,instance,L-8080105000129-0078,就労支援事業販売原価支出,就労支援事業販売原価支出,LC-00078,支出,CF,8080105000129,CF-1-4,0,就労支援事業販売原価支出
kyoten4,concept,LC-00079,就労支援事業製造原価支出,就労支援事業製造原価支出,L-8080105000129-0078,支出,CF,8080105000129,CF-1-4,0,就労支援事業製造原価支出
kyoten4,instance,L-8080105000129-0079,就労支援事業製造原価支出,就労支援事業製造原価支出,LC-00079,支出,CF,8080105000129,CF-1-4,0,就労支援事業製造原価支出
kyoten4,concept,LC-00080,就労支援事業仕入支出,就労支援事業仕入支出,L-8080105000129-0078,支出,CF,8080105000129,CF-1-4,0,就労支援事業仕入支出
kyoten4,instance,L-8080105000129-0080,就労支援事業仕入支出,就労支援事業仕入支出,LC-00080,支出,CF,8080105000129,CF-1-4,0,就労支援事業仕入支出
kyoten4,concept,LC-00081,利用者等外給食費支出,利用者等外給食費支出,CF-A-EXP-070,支出,CF,8080105000129,CF-1-4,0,利用者等外給食費支出
kyoten4,instance,L-8080105000129-0081,利用者等外給食費支出,利用者等外給食費支出,LC-00081,支出,CF,8080105000129,CF-1-4,0,利用者等外給食費支出
kyoten4,concept,LC-00082,法人税、住民税及び事業税支出,法人税、住民税及び事業税支出,CF-A-EXP-070,支出,CF,8080105000129,CF-1-4,0,法人税、住民税及び事業税支出
kyoten4,instance,L-8080105000129-0082,法人税、住民税及び事業税支出,法人税、住民税及び事業税支出,LC-00082,支出,CF,8080105000129,CF-1-4,0,法人税、住民税及び事業税支出
kyoten4,concept,LC-00083,雑支出,雑支出,CF-A-EXP-070,支出,CF,8080105000129,CF-1-4,0,雑支出
kyoten4,instance,L-8080105000129-0083,雑支出,雑支出,LC-00083,支出,CF,8080105000129,CF-1-4,0,雑支出
kyoten4,concept,LC-00084,雑支出（雑費）,雑支出(雑費),CF-A-EXP-070,支出,CF,8080105000129,CF-1-4,0,雑支出（雑費）
kyoten4,instance,L-8080105000129-0084,雑支出（雑費）,雑支出(雑費),LC-00084,支出,CF,8080105000129,CF-1-4,0,雑支出（雑費）
kyoten4,concept,LC-00085,貸倒損失額,貸倒損失額,CF-A-EXP-080,支出,CF,8080105000129,CF-1-4,0,貸倒損失額
kyoten4,instance,L-8080105000129-0085,貸倒損失額,貸倒損失額,LC-00085,支出,CF,8080105000129,CF-1-4,0,貸倒損失額
kyoten4,concept,LC-00086,徴収不能額,徴収不能額,CF-A-EXP-080,支出,CF,8080105000129,CF-1-4,0,徴収不能額
kyoten4,instance,L-8080105000129-0086,徴収不能額,徴収不能額,LC-00086,支出,CF,8080105000129,CF-1-4,0,徴収不能額
kyoten4,concept,LC-00087,施設整備等補助金収入,施設整備等補助金収入,CF-B-INC-010,収入,CF,8080105000129,CF-1-4,0,施設整備等補助金収入
kyoten4,instance,L-8080105000129-0087,施設整備等補助金収入,施設整備等補助金収入,LC-00087,収入,CF,8080105000129,CF-1-4,0,施設整備等補助金収入
kyoten4,concept,LC-00088,設備資金借入金元金償還補助金収入,設備資金借入金元金償還補助金収入,CF-B-INC-010,収入,CF,8080105000129,CF-1-4,0,設備資金借入金元金償還補助金収入
kyoten4,instance,L-8080105000129-0088,設備資金借入金元金償還補助金収入,設備資金借入金元金償還補助金収入,LC-00088,収入,CF,8080105000129,CF-1-4,0,設備資金借入金元金償還補助金収入
kyoten4,concept,LC-00089,車輌運搬具売却収入,車輌運搬具売却収入,CF-B-INC-030,収入,CF,8080105000129,CF-1-4,0,車輌運搬具売却収入
kyoten4,instance,L-8080105000129-0089,車輌運搬具売却収入,車輌運搬具売却収入,LC-00089,収入,CF,8080105000129,CF-1-4,0,車輌運搬具売却収入
kyoten4,concept,LC-00090,その他の施設整備等による収入,その他の施設整備等による収入,CF-B-INC-040,収入,CF,8080105000129,CF-1-4,0,その他の施設整備等による収入
kyoten4,instance,L-8080105000129-0090,その他の施設整備等による収入,その他の施設整備等による収入,LC-00090,収入,CF,8080105000129,CF-1-4,0,その他の施設整備等による収入
kyoten4,concept,LC-00091,土地取得支出,土地取得支出,CF-B-EXP-030,支出,CF,8080105000129,CF-1-4,0,土地取得支出
kyoten4,instance,L-8080105000129-0091,土地取得支出,土地取得支出,LC-00091,支出,CF,8080105000129,CF-1-4,0,土地取得支出
kyoten4,concept,LC-00092,建物取得支出,建物取得支出,CF-B-EXP-030,支出,CF,8080105000129,CF-1-4,0,建物取得支出
kyoten4,instance,L-8080105000129-0092,建物取得支出,建物取得支出,LC-00092,支出,CF,8080105000129,CF-1-4,0,建物取得支出
kyoten4,concept,LC-00093,車輌運搬具取得支出,車輌運搬具取得支出,CF-B-EXP-030,支出,CF,8080105000129,CF-1-4,0,車輌運搬具取得支出
kyoten4,instance,L-8080105000129-0093,車輌運搬具取得支出,車輌運搬具取得支出,LC-00093,支出,CF,8080105000129,CF-1-4,0,車輌運搬具取得支出
kyoten4,concept,LC-00094,器具及び備品取得支出,器具及び備品取得支出,CF-B-EXP-030,支出,CF,8080105000129,CF-1-4,0,器具及び備品取得支出
kyoten4,instance,L-8080105000129-0094,器具及び備品取得支出,器具及び備品取得支出,LC-00094,支出,CF,8080105000129,CF-1-4,0,器具及び備品取得支出
kyoten4,concept,LC-00095,構築物取得支出,構築物取得支出,CF-B-EXP-030,支出,CF,8080105000129,CF-1-4,0,構築物取得支出
kyoten4,instance,L-8080105000129-0095,構築物取得支出,構築物取得支出,LC-00095,支出,CF,8080105000129,CF-1-4,0,構築物取得支出
kyoten4,concept,LC-00096,ソフトウェア取得支出,ソフトウェア取得支出,CF-B-EXP-030,支出,CF,8080105000129,CF-1-4,0,ソフトウェア取得支出
kyoten4,instance,L-8080105000129-0096,ソフトウェア取得支出,ソフトウェア取得支出,LC-00096,支出,CF,8080105000129,CF-1-4,0,ソフトウェア取得支出
kyoten4,concept,LC-00097,建物付属設備取得支出,建物付属設備取得支出,CF-B-EXP-030,支出,CF,8080105000129,CF-1-4,0,建物付属設備取得支出
kyoten4,instance,L-8080105000129-0097,建物付属設備取得支出,建物付属設備取得支出,LC-00097,支出,CF,8080105000129,CF-1-4,0,建物付属設備取得支出
kyoten4,concept,LC-00098,その他の固定資産取得支出,その他の固定資産取得支出,CF-B-EXP-030,支出,CF,8080105000129,CF-1-4,0,その他の固定資産取得支出
kyoten4,instance,L-8080105000129-0098,その他の固定資産取得支出,その他の固定資産取得支出,LC-00098,支出,CF,8080105000129,CF-1-4,0,その他の固定資産取得支出
kyoten4,concept,LC-00099,その他の施設整備等による支出,その他の施設整備等による支出,CF-B-EXP-060,支出,CF,8080105000129,CF-1-4,0,その他の施設整備等による支出
kyoten4,instance,L-8080105000129-0099,その他の施設整備等による支出,その他の施設整備等による支出,LC-00099,支出,CF,8080105000129,CF-1-4,0,その他の施設整備等による支出
kyoten4,concept,LC-00100,退職給付引当資産取崩収入,退職給付引当資産取崩収入,CF-C-INC-040,収入,CF,8080105000129,CF-1-4,0,退職給付引当資産取崩収入
kyoten4,instance,L-8080105000129-0100,退職給付引当資産取崩収入,退職給付引当資産取崩収入,LC-00100,収入,CF,8080105000129,CF-1-4,0,退職給付引当資産取崩収入
kyoten4,concept,LC-00101,移行時積立資産取崩収入,移行時積立資産取崩収入,CF-C-INC-040,収入,CF,8080105000129,CF-1-4,0,移行時積立資産取崩収入
kyoten4,instance,L-8080105000129-0101,移行時積立資産取崩収入,移行時積立資産取崩収入,LC-00101,収入,CF,8080105000129,CF-1-4,0,移行時積立資産取崩収入
kyoten4,concept,LC-00102,修繕積立資産取崩収入,修繕積立資産取崩収入,CF-C-INC-040,収入,CF,8080105000129,CF-1-4,0,修繕積立資産取崩収入
kyoten4,instance,L-8080105000129-0102,修繕積立資産取崩収入,修繕積立資産取崩収入,LC-00102,収入,CF,8080105000129,CF-1-4,0,修繕積立資産取崩収入
kyoten4,concept,LC-00103,就労設備積立資産取崩収入,就労設備積立資産取崩収入,CF-C-INC-040,収入,CF,8080105000129,CF-1-4,0,就労設備積立資産取崩収入
kyoten4,instance,L-8080105000129-0103,就労設備積立資産取崩収入,就労設備積立資産取崩収入,LC-00103,収入,CF,8080105000129,CF-1-4,0,就労設備積立資産取崩収入
kyoten4,concept,LC-00104,車輛購入積立資産取崩収入,車輛購入積立資産取崩収入,CF-C-INC-040,収入,CF,8080105000129,CF-1-4,0,車輛購入積立資産取崩収入
kyoten4,instance,L-8080105000129-0104,車輛購入積立資産取崩収入,車輛購入積立資産取崩収入,LC-00104,収入,CF,8080105000129,CF-1-4,0,車輛購入積立資産取崩収入
kyoten4,concept,LC-00105,工賃変動積立資産取崩収入,工賃変動積立資産取崩収入,CF-C-INC-040,収入,CF,8080105000129,CF-1-4,0,工賃変動積立資産取崩収入
kyoten4,instance,L-8080105000129-0105,工賃変動積立資産取崩収入,工賃変動積立資産取崩収入,LC-00105,収入,CF,8080105000129,CF-1-4,0,工賃変動積立資産取崩収入
kyoten4,concept,LC-00106,備品積立資産取崩収入,備品積立資産取崩収入,CF-C-INC-040,収入,CF,8080105000129,CF-1-4,0,備品積立資産取崩収入
kyoten4,instance,L-8080105000129-0106,備品積立資産取崩収入,備品積立資産取崩収入,LC-00106,収入,CF,8080105000129,CF-1-4,0,備品積立資産取崩収入
kyoten4,concept,LC-00107,施設整備積立資産取崩収入,施設整備積立資産取崩収入,CF-C-INC-040,収入,CF,8080105000129,CF-1-4,0,施設整備積立資産取崩収入
kyoten4,instance,L-8080105000129-0107,施設整備積立資産取崩収入,施設整備積立資産取崩収入,LC-00107,収入,CF,8080105000129,CF-1-4,0,施設整備積立資産取崩収入
kyoten4,concept,LC-00108,退職給付引当資産支出,退職給付引当資産支出,CF-C-EXP-030,支出,CF,8080105000129,CF-1-4,0,退職給付引当資産支出
kyoten4,instance,L-8080105000129-0108,退職給付引当資産支出,退職給付引当資産支出,LC-00108,支出,CF,8080105000129,CF-1-4,0,退職給付引当資産支出
kyoten4,concept,LC-00109,修繕積立資産支出,修繕積立資産支出,CF-C-EXP-030,支出,CF,8080105000129,CF-1-4,0,修繕積立資産支出
kyoten4,instance,L-8080105000129-0109,修繕積立資産支出,修繕積立資産支出,LC-00109,支出,CF,8080105000129,CF-1-4,0,修繕積立資産支出
kyoten4,concept,LC-00110,施設整備積立資産支出,施設整備積立資産支出,CF-C-EXP-030,支出,CF,8080105000129,CF-1-4,0,施設整備積立資産支出
kyoten4,instance,L-8080105000129-0110,施設整備積立資産支出,施設整備積立資産支出,LC-00110,支出,CF,8080105000129,CF-1-4,0,施設整備積立資産支出
kyoten4,concept,LC-00111,車輛購入積立資産支出,車輛購入積立資産支出,CF-C-EXP-030,支出,CF,8080105000129,CF-1-4,0,車輛購入積立資産支出
kyoten4,instance,L-8080105000129-0111,車輛購入積立資産支出,車輛購入積立資産支出,LC-00111,支出,CF,8080105000129,CF-1-4,0,車輛購入積立資産支出
kyoten4,concept,LC-00112,備品積立資産支出,備品積立資産支出,CF-C-EXP-030,支出,CF,8080105000129,CF-1-4,0,備品積立資産支出
kyoten4,instance,L-8080105000129-0112,備品積立資産支出,備品積立資産支出,LC-00112,支出,CF,8080105000129,CF-1-4,0,備品積立資産支出
kyoten4,concept,LC-00113,就労設備等積立資産支出,就労設備等積立資産支出,CF-C-EXP-030,支出,CF,8080105000129,CF-1-4,0,就労設備等積立資産支出
kyoten4,instance,L-8080105000129-0113,就労設備等積立資産支出,就労設備等積立資産支出,LC-00113,支出,CF,8080105000129,CF-1-4,0,就労設備等積立資産支出
kyoten4,concept,LC-00114,工賃変動積立資産支出,工賃変動積立資産支出,CF-C-EXP-030,支出,CF,8080105000129,CF-1-4,0,工賃変動積立資産支出
kyoten4,instance,L-8080105000129-0114,工賃変動積立資産支出,工賃変動積立資産支出,LC-00114,支出,CF,8080105000129,CF-1-4,0,工賃変動積立資産支出
kyoten4,concept,LC-00001,第一事業収益,第一事業収益,PL-S-REV-010,収益,PL,8080105000129,PL-2-4,0,第一事業収益
kyoten4,instance,L-8080105000129-0001,第一事業収益,第一事業収益,LC-00001,収益,PL,8080105000129,PL-2-4,0,第一事業収益
kyoten4,concept,LC-00002,第二事業収益,第二事業収益,PL-S-REV-010,収益,PL,8080105000129,PL-2-4,0,第二事業収益
kyoten4,instance,L-8080105000129-0002,第二事業収益,第二事業収益,LC-00002,収益,PL,8080105000129,PL-2-4,0,第二事業収益
kyoten4,concept,LC-00003,第三事業収益,第三事業収益,PL-S-REV-010,収益,PL,8080105000129,PL-2-4,0,第三事業収益
kyoten4,instance,L-8080105000129-0003,第三事業収益,第三事業収益,LC-00003,収益,PL,8080105000129,PL-2-4,0,第三事業収益
kyoten4,concept,LC-00004,自立支援給付費収益,自立支援給付費収益,PL-S-REV-020,収益,PL,8080105000129,PL-2-4,0,自立支援給付費収益
kyoten4,instance,L-8080105000129-0004,自立支援給付費収益,自立支援給付費収益,LC-00004,収益,PL,8080105000129,PL-2-4,0,自立支援給付費収益
kyoten4,concept,LC-00005,特例介護給付費収益,特例介護給付費収益,L-8080105000129-0004,収益,PL,8080105000129,PL-2-4,0,特例介護給付費収益
kyoten4,instance,L-8080105000129-0005,特例介護給付費収益,特例介護給付費収益,LC-00005,収益,PL,8080105000129,PL-2-4,0,特例介護給付費収益
kyoten4,concept,LC-00006,訓練等給付費収益（就労継続）,訓練等給付費収益(就労継続),L-8080105000129-0004,収益,PL,8080105000129,PL-2-4,0,訓練等給付費収益（就労継続）
kyoten4,instance,L-8080105000129-0006,訓練等給付費収益（就労継続）,訓練等給付費収益(就労継続),LC-00006,収益,PL,8080105000129,PL-2-4,0,訓練等給付費収益（就労継続）
kyoten4,concept,LC-00007,介護給付費収益（施設入所）,介護給付費収益(施設入所),L-8080105000129-0004,収益,PL,8080105000129,PL-2-4,0,介護給付費収益（施設入所）
kyoten4,instance,L-8080105000129-0007,介護給付費収益（施設入所）,介護給付費収益(施設入所),LC-00007,収益,PL,8080105000129,PL-2-4,0,介護給付費収益（施設入所）
kyoten4,concept,LC-00008,介護給付費収益（生活介護）,介護給付費収益(生活介護),L-8080105000129-0004,収益,PL,8080105000129,PL-2-4,0,介護給付費収益（生活介護）
kyoten4,instance,L-8080105000129-0008,介護給付費収益（生活介護）,介護給付費収益(生活介護),LC-00008,収益,PL,8080105000129,PL-2-4,0,介護給付費収益（生活介護）
kyoten4,concept,LC-00009,介護給付費収益（短期入所）,介護給付費収益(短期入所),L-8080105000129-0004,収益,PL,8080105000129,PL-2-4,0,介護給付費収益（短期入所）
kyoten4,instance,L-8080105000129-0009,介護給付費収益（短期入所）,介護給付費収益(短期入所),LC-00009,収益,PL,8080105000129,PL-2-4,0,介護給付費収益（短期入所）
kyoten4,concept,LC-00010,訓練等給付費収益,訓練等給付費収益,L-8080105000129-0004,収益,PL,8080105000129,PL-2-4,0,訓練等給付費収益
kyoten4,instance,L-8080105000129-0010,訓練等給付費収益,訓練等給付費収益,LC-00010,収益,PL,8080105000129,PL-2-4,0,訓練等給付費収益
kyoten4,concept,LC-00011,訓練等給付費収益（自立）,訓練等給付費収益(自立),L-8080105000129-0004,収益,PL,8080105000129,PL-2-4,0,訓練等給付費収益（自立）
kyoten4,instance,L-8080105000129-0011,訓練等給付費収益（自立）,訓練等給付費収益(自立),LC-00011,収益,PL,8080105000129,PL-2-4,0,訓練等給付費収益（自立）
kyoten4,concept,LC-00012,訓練等給付費収益（就労定着）,訓練等給付費収益(就労定着),L-8080105000129-0004,収益,PL,8080105000129,PL-2-4,0,訓練等給付費収益（就労定着）
kyoten4,instance,L-8080105000129-0012,訓練等給付費収益（就労定着）,訓練等給付費収益(就労定着),LC-00012,収益,PL,8080105000129,PL-2-4,0,訓練等給付費収益（就労定着）
kyoten4,concept,LC-00013,訓練等給付費収益（就労移行）,訓練等給付費収益(就労移行),L-8080105000129-0004,収益,PL,8080105000129,PL-2-4,0,訓練等給付費収益（就労移行）
kyoten4,instance,L-8080105000129-0013,訓練等給付費収益（就労移行）,訓練等給付費収益(就労移行),LC-00013,収益,PL,8080105000129,PL-2-4,0,訓練等給付費収益（就労移行）
kyoten4,concept,LC-00014,計画相談支援給付費収益,計画相談支援給付費収益,L-8080105000129-0004,収益,PL,8080105000129,PL-2-4,0,計画相談支援給付費収益
kyoten4,instance,L-8080105000129-0014,計画相談支援給付費収益,計画相談支援給付費収益,LC-00014,収益,PL,8080105000129,PL-2-4,0,計画相談支援給付費収益
kyoten4,concept,LC-00015,利用者負担金収益,利用者負担金収益,PL-S-REV-020,収益,PL,8080105000129,PL-2-4,0,利用者負担金収益
kyoten4,instance,L-8080105000129-0015,利用者負担金収益,利用者負担金収益,LC-00015,収益,PL,8080105000129,PL-2-4,0,利用者負担金収益
kyoten4,concept,LC-00016,補足給付費収益,補足給付費収益,PL-S-REV-020,収益,PL,8080105000129,PL-2-4,0,補足給付費収益
kyoten4,instance,L-8080105000129-0016,補足給付費収益,補足給付費収益,LC-00016,収益,PL,8080105000129,PL-2-4,0,補足給付費収益
kyoten4,concept,LC-00017,特定障害者特別給付費収益,特定障害者特別給付費収益,L-8080105000129-0016,収益,PL,8080105000129,PL-2-4,0,特定障害者特別給付費収益
kyoten4,instance,L-8080105000129-0017,特定障害者特別給付費収益,特定障害者特別給付費収益,LC-00017,収益,PL,8080105000129,PL-2-4,0,特定障害者特別給付費収益
kyoten4,concept,LC-00018,特定費用収益,特定費用収益,PL-S-REV-020,収益,PL,8080105000129,PL-2-4,0,特定費用収益
kyoten4,instance,L-8080105000129-0018,特定費用収益,特定費用収益,LC-00018,収益,PL,8080105000129,PL-2-4,0,特定費用収益
kyoten4,concept,LC-00019,その他の事業収益,その他の事業収益,PL-S-REV-020,収益,PL,8080105000129,PL-2-4,0,その他の事業収益
kyoten4,instance,L-8080105000129-0019,その他の事業収益,その他の事業収益,LC-00019,収益,PL,8080105000129,PL-2-4,0,その他の事業収益
kyoten4,concept,LC-00020,補助金事業収益（公費）,補助金事業収益(公費),L-8080105000129-0019,収益,PL,8080105000129,PL-2-4,0,補助金事業収益（公費）
kyoten4,instance,L-8080105000129-0020,補助金事業収益（公費）,補助金事業収益(公費),LC-00020,収益,PL,8080105000129,PL-2-4,0,補助金事業収益（公費）
kyoten4,concept,LC-00021,補助金事業収益（一般）,補助金事業収益(一般),L-8080105000129-0019,収益,PL,8080105000129,PL-2-4,0,補助金事業収益（一般）
kyoten4,instance,L-8080105000129-0021,補助金事業収益（一般）,補助金事業収益(一般),LC-00021,収益,PL,8080105000129,PL-2-4,0,補助金事業収益（一般）
kyoten4,concept,LC-00022,受託事業収益（公費）,受託事業収益(公費),L-8080105000129-0019,収益,PL,8080105000129,PL-2-4,0,受託事業収益（公費）
kyoten4,instance,L-8080105000129-0022,受託事業収益（公費）,受託事業収益(公費),LC-00022,収益,PL,8080105000129,PL-2-4,0,受託事業収益（公費）
kyoten4,concept,LC-00023,受託事業収益（一般）,受託事業収益(一般),L-8080105000129-0019,収益,PL,8080105000129,PL-2-4,0,受託事業収益（一般）
kyoten4,instance,L-8080105000129-0023,受託事業収益（一般）,受託事業収益(一般),LC-00023,収益,PL,8080105000129,PL-2-4,0,受託事業収益（一般）
kyoten4,concept,LC-00024,その他の事業収益,その他の事業収益,L-8080105000129-0019,収益,PL,8080105000129,PL-2-4,0,その他の事業収益
kyoten4,instance,L-8080105000129-0024,その他の事業収益,その他の事業収益,LC-00024,収益,PL,8080105000129,PL-2-4,0,その他の事業収益
kyoten4,concept,LC-00025,その他の事業収益,その他の事業収益,PL-S-REV-030,収益,PL,8080105000129,PL-2-4,0,その他の事業収益
kyoten4,instance,L-8080105000129-0025,その他の事業収益,その他の事業収益,LC-00025,収益,PL,8080105000129,PL-2-4,0,その他の事業収益
kyoten4,concept,LC-00026,補助金事業収益（公費）,補助金事業収益(公費),L-8080105000129-0025,収益,PL,8080105000129,PL-2-4,0,補助金事業収益（公費）
kyoten4,instance,L-8080105000129-0026,補助金事業収益（公費）,補助金事業収益(公費),LC-00026,収益,PL,8080105000129,PL-2-4,0,補助金事業収益（公費）
kyoten4,concept,LC-00027,補助金事業収益（一般）,補助金事業収益(一般),L-8080105000129-0025,収益,PL,8080105000129,PL-2-4,0,補助金事業収益（一般）
kyoten4,instance,L-8080105000129-0027,補助金事業収益（一般）,補助金事業収益(一般),LC-00027,収益,PL,8080105000129,PL-2-4,0,補助金事業収益（一般）
kyoten4,concept,LC-00028,研修センター事業収益,研修センター事業収益,PL-S-REV-040,収益,PL,8080105000129,PL-2-4,0,研修センター事業収益
kyoten4,instance,L-8080105000129-0028,研修センター事業収益,研修センター事業収益,LC-00028,収益,PL,8080105000129,PL-2-4,0,研修センター事業収益
kyoten4,concept,LC-00029,歯科診療所運営費収益,歯科診療所運営費収益,PL-S-REV-050,収益,PL,8080105000129,PL-2-4,0,歯科診療所運営費収益
kyoten4,instance,L-8080105000129-0029,歯科診療所運営費収益,歯科診療所運営費収益,LC-00029,収益,PL,8080105000129,PL-2-4,0,歯科診療所運営費収益
kyoten4,concept,LC-00030,訓練校給食受託事業収益,訓練校給食受託事業収益,PL-S-REV-060,収益,PL,8080105000129,PL-2-4,0,訓練校給食受託事業収益
kyoten4,instance,L-8080105000129-0030,訓練校給食受託事業収益,訓練校給食受託事業収益,LC-00030,収益,PL,8080105000129,PL-2-4,0,訓練校給食受託事業収益
kyoten4,concept,LC-00031,経常経費補助金収益,経常経費補助金収益,PL-S-REV-070,収益,PL,8080105000129,PL-2-4,0,経常経費補助金収益
kyoten4,instance,L-8080105000129-0031,経常経費補助金収益,経常経費補助金収益,LC-00031,収益,PL,8080105000129,PL-2-4,0,経常経費補助金収益
kyoten4,concept,LC-00032,役員報酬,役員報酬,PL-S-EXP-010,費用,PL,8080105000129,PL-2-4,0,役員報酬
kyoten4,instance,L-8080105000129-0032,役員報酬,役員報酬,LC-00032,費用,PL,8080105000129,PL-2-4,0,役員報酬
kyoten4,concept,LC-00033,職員給料,職員給料,PL-S-EXP-010,費用,PL,8080105000129,PL-2-4,0,職員給料
kyoten4,instance,L-8080105000129-0033,職員給料,職員給料,LC-00033,費用,PL,8080105000129,PL-2-4,0,職員給料
kyoten4,concept,LC-00034,職員賞与,職員賞与,PL-S-EXP-010,費用,PL,8080105000129,PL-2-4,0,職員賞与
kyoten4,instance,L-8080105000129-0034,職員賞与,職員賞与,LC-00034,費用,PL,8080105000129,PL-2-4,0,職員賞与
kyoten4,concept,LC-00035,賞与引当金繰入,賞与引当金繰入,PL-S-EXP-010,費用,PL,8080105000129,PL-2-4,0,賞与引当金繰入
kyoten4,instance,L-8080105000129-0035,賞与引当金繰入,賞与引当金繰入,LC-00035,費用,PL,8080105000129,PL-2-4,0,賞与引当金繰入
kyoten4,concept,LC-00036,非常勤職員給与,非常勤職員給与,PL-S-EXP-010,費用,PL,8080105000129,PL-2-4,0,非常勤職員給与
kyoten4,instance,L-8080105000129-0036,非常勤職員給与,非常勤職員給与,LC-00036,費用,PL,8080105000129,PL-2-4,0,非常勤職員給与
kyoten4,concept,LC-00037,退職給付費用,退職給付費用,PL-S-EXP-010,費用,PL,8080105000129,PL-2-4,0,退職給付費用
kyoten4,instance,L-8080105000129-0037,退職給付費用,退職給付費用,LC-00037,費用,PL,8080105000129,PL-2-4,0,退職給付費用
kyoten4,concept,LC-00038,法定福利費,法定福利費,PL-S-EXP-010,費用,PL,8080105000129,PL-2-4,0,法定福利費
kyoten4,instance,L-8080105000129-0038,法定福利費,法定福利費,LC-00038,費用,PL,8080105000129,PL-2-4,0,法定福利費
kyoten4,concept,LC-00039,給食費,給食費,PL-S-EXP-020,費用,PL,8080105000129,PL-2-4,0,給食費
kyoten4,instance,L-8080105000129-0039,給食費,給食費,LC-00039,費用,PL,8080105000129,PL-2-4,0,給食費
kyoten4,concept,LC-00040,介護用品費,介護用品費,PL-S-EXP-020,費用,PL,8080105000129,PL-2-4,0,介護用品費
kyoten4,instance,L-8080105000129-0040,介護用品費,介護用品費,LC-00040,費用,PL,8080105000129,PL-2-4,0,介護用品費
kyoten4,concept,LC-00041,保健衛生費,保健衛生費,PL-S-EXP-020,費用,PL,8080105000129,PL-2-4,0,保健衛生費
kyoten4,instance,L-8080105000129-0041,保健衛生費,保健衛生費,LC-00041,費用,PL,8080105000129,PL-2-4,0,保健衛生費
kyoten4,concept,LC-00042,被服費,被服費,PL-S-EXP-020,費用,PL,8080105000129,PL-2-4,0,被服費
kyoten4,instance,L-8080105000129-0042,被服費,被服費,LC-00042,費用,PL,8080105000129,PL-2-4,0,被服費
kyoten4,concept,LC-00043,教養娯楽費,教養娯楽費,PL-S-EXP-020,費用,PL,8080105000129,PL-2-4,0,教養娯楽費
kyoten4,instance,L-8080105000129-0043,教養娯楽費,教養娯楽費,LC-00043,費用,PL,8080105000129,PL-2-4,0,教養娯楽費
kyoten4,concept,LC-00044,日用品費,日用品費,PL-S-EXP-020,費用,PL,8080105000129,PL-2-4,0,日用品費
kyoten4,instance,L-8080105000129-0044,日用品費,日用品費,LC-00044,費用,PL,8080105000129,PL-2-4,0,日用品費
kyoten4,concept,LC-00045,本人支給金,本人支給金,PL-S-EXP-020,費用,PL,8080105000129,PL-2-4,0,本人支給金
kyoten4,instance,L-8080105000129-0045,本人支給金,本人支給金,LC-00045,費用,PL,8080105000129,PL-2-4,0,本人支給金
kyoten4,concept,LC-00046,水道光熱費,水道光熱費,PL-S-EXP-020,費用,PL,8080105000129,PL-2-4,0,水道光熱費
kyoten4,instance,L-8080105000129-0046,水道光熱費,水道光熱費,LC-00046,費用,PL,8080105000129,PL-2-4,0,水道光熱費
kyoten4,concept,LC-00047,燃料費,燃料費,PL-S-EXP-020,費用,PL,8080105000129,PL-2-4,0,燃料費
kyoten4,instance,L-8080105000129-0047,燃料費,燃料費,LC-00047,費用,PL,8080105000129,PL-2-4,0,燃料費
kyoten4,concept,LC-00048,消耗器具備品費,消耗器具備品費,PL-S-EXP-020,費用,PL,8080105000129,PL-2-4,0,消耗器具備品費
kyoten4,instance,L-8080105000129-0048,消耗器具備品費,消耗器具備品費,LC-00048,費用,PL,8080105000129,PL-2-4,0,消耗器具備品費
kyoten4,concept,LC-00049,保険料,保険料,PL-S-EXP-020,費用,PL,8080105000129,PL-2-4,0,保険料
kyoten4,instance,L-8080105000129-0049,保険料,保険料,LC-00049,費用,PL,8080105000129,PL-2-4,0,保険料
kyoten4,concept,LC-00050,賃借料,賃借料,PL-S-EXP-020,費用,PL,8080105000129,PL-2-4,0,賃借料
kyoten4,instance,L-8080105000129-0050,賃借料,賃借料,LC-00050,費用,PL,8080105000129,PL-2-4,0,賃借料
kyoten4,concept,LC-00051,教育指導費,教育指導費,PL-S-EXP-020,費用,PL,8080105000129,PL-2-4,0,教育指導費
kyoten4,instance,L-8080105000129-0051,教育指導費,教育指導費,LC-00051,費用,PL,8080105000129,PL-2-4,0,教育指導費
kyoten4,concept,LC-00052,車輌費,車輌費,PL-S-EXP-020,費用,PL,8080105000129,PL-2-4,0,車輌費
kyoten4,instance,L-8080105000129-0052,車輌費,車輌費,LC-00052,費用,PL,8080105000129,PL-2-4,0,車輌費
kyoten4,concept,LC-00053,雑費,雑費,PL-S-EXP-020,費用,PL,8080105000129,PL-2-4,0,雑費
kyoten4,instance,L-8080105000129-0053,雑費,雑費,LC-00053,費用,PL,8080105000129,PL-2-4,0,雑費
kyoten4,concept,LC-00054,福利厚生費,福利厚生費,PL-S-EXP-030,費用,PL,8080105000129,PL-2-4,0,福利厚生費
kyoten4,instance,L-8080105000129-0054,福利厚生費,福利厚生費,LC-00054,費用,PL,8080105000129,PL-2-4,0,福利厚生費
kyoten4,concept,LC-00055,職員被服費,職員被服費,PL-S-EXP-030,費用,PL,8080105000129,PL-2-4,0,職員被服費
kyoten4,instance,L-8080105000129-0055,職員被服費,職員被服費,LC-00055,費用,PL,8080105000129,PL-2-4,0,職員被服費
kyoten4,concept,LC-00056,旅費交通費,旅費交通費,PL-S-EXP-030,費用,PL,8080105000129,PL-2-4,0,旅費交通費
kyoten4,instance,L-8080105000129-0056,旅費交通費,旅費交通費,LC-00056,費用,PL,8080105000129,PL-2-4,0,旅費交通費
kyoten4,concept,LC-00057,研修研究費,研修研究費,PL-S-EXP-030,費用,PL,8080105000129,PL-2-4,0,研修研究費
kyoten4,instance,L-8080105000129-0057,研修研究費,研修研究費,LC-00057,費用,PL,8080105000129,PL-2-4,0,研修研究費
kyoten4,concept,LC-00058,事務消耗品費,事務消耗品費,PL-S-EXP-030,費用,PL,8080105000129,PL-2-4,0,事務消耗品費
kyoten4,instance,L-8080105000129-0058,事務消耗品費,事務消耗品費,LC-00058,費用,PL,8080105000129,PL-2-4,0,事務消耗品費
kyoten4,concept,LC-00059,印刷製本費,印刷製本費,PL-S-EXP-030,費用,PL,8080105000129,PL-2-4,0,印刷製本費
kyoten4,instance,L-8080105000129-0059,印刷製本費,印刷製本費,LC-00059,費用,PL,8080105000129,PL-2-4,0,印刷製本費
kyoten4,concept,LC-00060,水道光熱費,水道光熱費,PL-S-EXP-030,費用,PL,8080105000129,PL-2-4,0,水道光熱費
kyoten4,instance,L-8080105000129-0060,水道光熱費,水道光熱費,LC-00060,費用,PL,8080105000129,PL-2-4,0,水道光熱費
kyoten4,concept,LC-00061,燃料費,燃料費,PL-S-EXP-030,費用,PL,8080105000129,PL-2-4,0,燃料費
kyoten4,instance,L-8080105000129-0061,燃料費,燃料費,LC-00061,費用,PL,8080105000129,PL-2-4,0,燃料費
kyoten4,concept,LC-00062,修繕費,修繕費,PL-S-EXP-030,費用,PL,8080105000129,PL-2-4,0,修繕費
kyoten4,instance,L-8080105000129-0062,修繕費,修繕費,LC-00062,費用,PL,8080105000129,PL-2-4,0,修繕費
kyoten4,concept,LC-00063,通信運搬費,通信運搬費,PL-S-EXP-030,費用,PL,8080105000129,PL-2-4,0,通信運搬費
kyoten4,instance,L-8080105000129-0063,通信運搬費,通信運搬費,LC-00063,費用,PL,8080105000129,PL-2-4,0,通信運搬費
kyoten4,concept,LC-00064,会議費,会議費,PL-S-EXP-030,費用,PL,8080105000129,PL-2-4,0,会議費
kyoten4,instance,L-8080105000129-0064,会議費,会議費,LC-00064,費用,PL,8080105000129,PL-2-4,0,会議費
kyoten4,concept,LC-00065,広報費,広報費,PL-S-EXP-030,費用,PL,8080105000129,PL-2-4,0,広報費
kyoten4,instance,L-8080105000129-0065,広報費,広報費,LC-00065,費用,PL,8080105000129,PL-2-4,0,広報費
kyoten4,concept,LC-00066,業務委託費,業務委託費,PL-S-EXP-030,費用,PL,8080105000129,PL-2-4,0,業務委託費
kyoten4,instance,L-8080105000129-0066,業務委託費,業務委託費,LC-00066,費用,PL,8080105000129,PL-2-4,0,業務委託費
kyoten4,concept,LC-00067,手数料,手数料,PL-S-EXP-030,費用,PL,8080105000129,PL-2-4,0,手数料
kyoten4,instance,L-8080105000129-0067,手数料,手数料,LC-00067,費用,PL,8080105000129,PL-2-4,0,手数料
kyoten4,concept,LC-00068,保険料,保険料,PL-S-EXP-030,費用,PL,8080105000129,PL-2-4,0,保険料
kyoten4,instance,L-8080105000129-0068,保険料,保険料,LC-00068,費用,PL,8080105000129,PL-2-4,0,保険料
kyoten4,concept,LC-00069,賃借料,賃借料,PL-S-EXP-030,費用,PL,8080105000129,PL-2-4,0,賃借料
kyoten4,instance,L-8080105000129-0069,賃借料,賃借料,LC-00069,費用,PL,8080105000129,PL-2-4,0,賃借料
kyoten4,concept,LC-00070,土地・建物賃借料,土地建物賃借料,PL-S-EXP-030,費用,PL,8080105000129,PL-2-4,0,土地・建物賃借料
kyoten4,instance,L-8080105000129-0070,土地・建物賃借料,土地建物賃借料,LC-00070,費用,PL,8080105000129,PL-2-4,0,土地・建物賃借料
kyoten4,concept,LC-00071,租税公課,租税公課,PL-S-EXP-030,費用,PL,8080105000129,PL-2-4,0,租税公課
kyoten4,instance,L-8080105000129-0071,租税公課,租税公課,LC-00071,費用,PL,8080105000129,PL-2-4,0,租税公課
kyoten4,concept,LC-00072,保守料,保守料,PL-S-EXP-030,費用,PL,8080105000129,PL-2-4,0,保守料
kyoten4,instance,L-8080105000129-0072,保守料,保守料,LC-00072,費用,PL,8080105000129,PL-2-4,0,保守料
kyoten4,concept,LC-00073,渉外費,渉外費,PL-S-EXP-030,費用,PL,8080105000129,PL-2-4,0,渉外費
kyoten4,instance,L-8080105000129-0073,渉外費,渉外費,LC-00073,費用,PL,8080105000129,PL-2-4,0,渉外費
kyoten4,concept,LC-00074,諸会費,諸会費,PL-S-EXP-030,費用,PL,8080105000129,PL-2-4,0,諸会費
kyoten4,instance,L-8080105000129-0074,諸会費,諸会費,LC-00074,費用,PL,8080105000129,PL-2-4,0,諸会費
kyoten4,concept,LC-00075,雑費,雑費,PL-S-EXP-030,費用,PL,8080105000129,PL-2-4,0,雑費
kyoten4,instance,L-8080105000129-0075,雑費,雑費,LC-00075,費用,PL,8080105000129,PL-2-4,0,雑費
kyoten4,concept,LC-00076,就労支援事業販売原価,就労支援事業販売原価,PL-S-EXP-040,費用,PL,8080105000129,PL-2-4,0,就労支援事業販売原価
kyoten4,instance,L-8080105000129-0076,就労支援事業販売原価,就労支援事業販売原価,LC-00076,費用,PL,8080105000129,PL-2-4,0,就労支援事業販売原価
kyoten4,concept,LC-00077,期首製品（商品）棚卸高,期首製品(商品)棚卸高,L-8080105000129-0076,費用,PL,8080105000129,PL-2-4,0,期首製品（商品）棚卸高
kyoten4,instance,L-8080105000129-0077,期首製品（商品）棚卸高,期首製品(商品)棚卸高,LC-00077,費用,PL,8080105000129,PL-2-4,0,期首製品（商品）棚卸高
kyoten4,concept,LC-00078,当期就労支援事業製造原価,当期就労支援事業製造原価,L-8080105000129-0076,費用,PL,8080105000129,PL-2-4,0,当期就労支援事業製造原価
kyoten4,instance,L-8080105000129-0078,当期就労支援事業製造原価,当期就労支援事業製造原価,LC-00078,費用,PL,8080105000129,PL-2-4,0,当期就労支援事業製造原価
kyoten4,concept,LC-00079,当期就労支援事業仕入高,当期就労支援事業仕入高,L-8080105000129-0076,費用,PL,8080105000129,PL-2-4,0,当期就労支援事業仕入高
kyoten4,instance,L-8080105000129-0079,当期就労支援事業仕入高,当期就労支援事業仕入高,LC-00079,費用,PL,8080105000129,PL-2-4,0,当期就労支援事業仕入高
kyoten4,concept,LC-00080,期末製品（商品）棚卸高,期末製品(商品)棚卸高,L-8080105000129-0076,費用,PL,8080105000129,PL-2-4,0,期末製品（商品）棚卸高
kyoten4,instance,L-8080105000129-0080,期末製品（商品）棚卸高,期末製品(商品)棚卸高,LC-00080,費用,PL,8080105000129,PL-2-4,0,期末製品（商品）棚卸高
kyoten4,concept,LC-00081,受入研修費収益,受入研修費収益,PL-SO-REV-040,収益,PL,8080105000129,PL-2-4,0,受入研修費収益
kyoten4,instance,L-8080105000129-0081,受入研修費収益,受入研修費収益,LC-00081,収益,PL,8080105000129,PL-2-4,0,受入研修費収益
kyoten4,concept,LC-00082,利用者等外給食収益,利用者等外給食収益,PL-SO-REV-040,収益,PL,8080105000129,PL-2-4,0,利用者等外給食収益
kyoten4,instance,L-8080105000129-0082,利用者等外給食収益,利用者等外給食収益,LC-00082,収益,PL,8080105000129,PL-2-4,0,利用者等外給食収益
kyoten4,concept,LC-00083,雑収益,雑収益,PL-SO-REV-040,収益,PL,8080105000129,PL-2-4,0,雑収益
kyoten4,instance,L-8080105000129-0083,雑収益,雑収益,LC-00083,収益,PL,8080105000129,PL-2-4,0,雑収益
kyoten4,concept,LC-00084,利用者等外給食費,利用者等外給食費,PL-SO-EXP-030,費用,PL,8080105000129,PL-2-4,0,利用者等外給食費
kyoten4,instance,L-8080105000129-0084,利用者等外給食費,利用者等外給食費,LC-00084,費用,PL,8080105000129,PL-2-4,0,利用者等外給食費
kyoten4,concept,LC-00085,雑費,雑費,PL-SO-EXP-030,費用,PL,8080105000129,PL-2-4,0,雑費
kyoten4,instance,L-8080105000129-0085,雑費,雑費,LC-00085,費用,PL,8080105000129,PL-2-4,0,雑費
kyoten4,concept,LC-00086,雑損失,雑損失,PL-SO-EXP-030,費用,PL,8080105000129,PL-2-4,0,雑損失
kyoten4,instance,L-8080105000129-0086,雑損失,雑損失,LC-00086,費用,PL,8080105000129,PL-2-4,0,雑損失
kyoten4,concept,LC-00087,施設整備等補助金収益,施設整備等補助金収益,PL-T-REV-010,収益,PL,8080105000129,PL-2-4,0,施設整備等補助金収益
kyoten4,instance,L-8080105000129-0087,施設整備等補助金収益,施設整備等補助金収益,LC-00087,収益,PL,8080105000129,PL-2-4,0,施設整備等補助金収益
kyoten4,concept,LC-00088,設備資金借入金元金償還補助金収益,設備資金借入金元金償還補助金収益,PL-T-REV-010,収益,PL,8080105000129,PL-2-4,0,設備資金借入金元金償還補助金収益
kyoten4,instance,L-8080105000129-0088,設備資金借入金元金償還補助金収益,設備資金借入金元金償還補助金収益,LC-00088,収益,PL,8080105000129,PL-2-4,0,設備資金借入金元金償還補助金収益
kyoten4,concept,LC-00089,固定資産受贈額,固定資産受贈額,PL-T-REV-020,収益,PL,8080105000129,PL-2-4,0,固定資産受贈額
kyoten4,instance,L-8080105000129-0089,固定資産受贈額,固定資産受贈額,LC-00089,収益,PL,8080105000129,PL-2-4,0,固定資産受贈額
kyoten4,concept,LC-00090,器具及び備品受贈額,器具及び備品受贈額,PL-T-REV-020,収益,PL,8080105000129,PL-2-4,0,器具及び備品受贈額
kyoten4,instance,L-8080105000129-0090,器具及び備品受贈額,器具及び備品受贈額,LC-00090,収益,PL,8080105000129,PL-2-4,0,器具及び備品受贈額
kyoten4,concept,LC-00091,車輛運搬具受贈額,車輛運搬具受贈額,PL-T-REV-020,収益,PL,8080105000129,PL-2-4,0,車輛運搬具受贈額
kyoten4,instance,L-8080105000129-0091,車輛運搬具受贈額,車輛運搬具受贈額,LC-00091,収益,PL,8080105000129,PL-2-4,0,車輛運搬具受贈額
kyoten4,concept,LC-00092,車輌運搬具売却益,車輌運搬具売却益,PL-T-REV-030,収益,PL,8080105000129,PL-2-4,0,車輌運搬具売却益
kyoten4,instance,L-8080105000129-0092,車輌運搬具売却益,車輌運搬具売却益,LC-00092,収益,PL,8080105000129,PL-2-4,0,車輌運搬具売却益
kyoten4,concept,LC-00093,器具及び備品売却益,器具及び備品売却益,PL-T-REV-030,収益,PL,8080105000129,PL-2-4,0,器具及び備品売却益
kyoten4,instance,L-8080105000129-0093,器具及び備品売却益,器具及び備品売却益,LC-00093,収益,PL,8080105000129,PL-2-4,0,器具及び備品売却益
kyoten4,concept,LC-00094,退職給付引当金戻入益,退職給付引当金戻入益,PL-T-REV-050,収益,PL,8080105000129,PL-2-4,0,退職給付引当金戻入益
kyoten4,instance,L-8080105000129-0094,退職給付引当金戻入益,退職給付引当金戻入益,LC-00094,収益,PL,8080105000129,PL-2-4,0,退職給付引当金戻入益
kyoten4,concept,LC-00095,賞与引当金戻入益,賞与引当金戻入益,PL-T-REV-050,収益,PL,8080105000129,PL-2-4,0,賞与引当金戻入益
kyoten4,instance,L-8080105000129-0095,賞与引当金戻入益,賞与引当金戻入益,LC-00095,収益,PL,8080105000129,PL-2-4,0,賞与引当金戻入益
kyoten4,concept,LC-00096,その他の特別収益,その他の特別収益,PL-T-REV-050,収益,PL,8080105000129,PL-2-4,0,その他の特別収益
kyoten4,instance,L-8080105000129-0096,その他の特別収益,その他の特別収益,LC-00096,収益,PL,8080105000129,PL-2-4,0,その他の特別収益
kyoten4,concept,LC-00097,貸倒引当金戻入益,貸倒引当金戻入益,PL-T-REV-050,収益,PL,8080105000129,PL-2-4,0,貸倒引当金戻入益
kyoten4,instance,L-8080105000129-0097,貸倒引当金戻入益,貸倒引当金戻入益,LC-00097,収益,PL,8080105000129,PL-2-4,0,貸倒引当金戻入益
kyoten4,concept,LC-00098,建物売却損・処分損,建物売却損処分損,PL-T-EXP-010,費用,PL,8080105000129,PL-2-4,0,建物売却損・処分損
kyoten4,instance,L-8080105000129-0098,建物売却損・処分損,建物売却損処分損,LC-00098,費用,PL,8080105000129,PL-2-4,0,建物売却損・処分損
kyoten4,concept,LC-00099,車輌運搬具売却損・処分損,車輌運搬具売却損処分損,PL-T-EXP-010,費用,PL,8080105000129,PL-2-4,0,車輌運搬具売却損・処分損
kyoten4,instance,L-8080105000129-0099,車輌運搬具売却損・処分損,車輌運搬具売却損処分損,LC-00099,費用,PL,8080105000129,PL-2-4,0,車輌運搬具売却損・処分損
kyoten4,concept,LC-00100,器具及び備品売却損・処分損,器具及び備品売却損処分損,PL-T-EXP-010,費用,PL,8080105000129,PL-2-4,0,器具及び備品売却損・処分損
kyoten4,instance,L-8080105000129-0100,器具及び備品売却損・処分損,器具及び備品売却損処分損,LC-00100,費用,PL,8080105000129,PL-2-4,0,器具及び備品売却損・処分損
kyoten4,concept,LC-00101,その他の固定資産売却損・処分損,その他の固定資産売却損処分損,PL-T-EXP-010,費用,PL,8080105000129,PL-2-4,0,その他の固定資産売却損・処分損
kyoten4,instance,L-8080105000129-0101,その他の固定資産売却損・処分損,その他の固定資産売却損処分損,LC-00101,費用,PL,8080105000129,PL-2-4,0,その他の固定資産売却損・処分損
kyoten4,concept,LC-00102,移行時特別積立金取崩額,移行時特別積立金取崩額,PL-K-AT,差額,PL,8080105000129,PL-2-4,0,移行時特別積立金取崩額
kyoten4,instance,L-8080105000129-0102,移行時特別積立金取崩額,移行時特別積立金取崩額,LC-00102,差額,PL,8080105000129,PL-2-4,0,移行時特別積立金取崩額
kyoten4,concept,LC-00103,修繕積立金取崩額,修繕積立金取崩額,PL-K-AT,差額,PL,8080105000129,PL-2-4,0,修繕積立金取崩額
kyoten4,instance,L-8080105000129-0103,修繕積立金取崩額,修繕積立金取崩額,LC-00103,差額,PL,8080105000129,PL-2-4,0,修繕積立金取崩額
kyoten4,concept,LC-00104,就労設備等積立金取崩額,就労設備等積立金取崩額,PL-K-AT,差額,PL,8080105000129,PL-2-4,0,就労設備等積立金取崩額
kyoten4,instance,L-8080105000129-0104,就労設備等積立金取崩額,就労設備等積立金取崩額,LC-00104,差額,PL,8080105000129,PL-2-4,0,就労設備等積立金取崩額
kyoten4,concept,LC-00105,車輛購入積立金取崩額,車輛購入積立金取崩額,PL-K-AT,差額,PL,8080105000129,PL-2-4,0,車輛購入積立金取崩額
kyoten4,instance,L-8080105000129-0105,車輛購入積立金取崩額,車輛購入積立金取崩額,LC-00105,差額,PL,8080105000129,PL-2-4,0,車輛購入積立金取崩額
kyoten4,concept,LC-00106,工賃変動積立金取崩額,工賃変動積立金取崩額,PL-K-AT,差額,PL,8080105000129,PL-2-4,0,工賃変動積立金取崩額
kyoten4,instance,L-8080105000129-0106,工賃変動積立金取崩額,工賃変動積立金取崩額,LC-00106,差額,PL,8080105000129,PL-2-4,0,工賃変動積立金取崩額
kyoten4,concept,LC-00107,備品積立金取崩額,備品積立金取崩額,PL-K-AT,差額,PL,8080105000129,PL-2-4,0,備品積立金取崩額
kyoten4,instance,L-8080105000129-0107,備品積立金取崩額,備品積立金取崩額,LC-00107,差額,PL,8080105000129,PL-2-4,0,備品積立金取崩額
kyoten4,concept,LC-00108,施設整備積立金取崩額,施設整備積立金取崩額,PL-K-AT,差額,PL,8080105000129,PL-2-4,0,施設整備積立金取崩額
kyoten4,instance,L-8080105000129-0108,施設整備積立金取崩額,施設整備積立金取崩額,LC-00108,差額,PL,8080105000129,PL-2-4,0,施設整備積立金取崩額
kyoten4,concept,LC-00109,修繕積立金積立額,修繕積立金積立額,PL-K-AA,差額,PL,8080105000129,PL-2-4,0,修繕積立金積立額
kyoten4,instance,L-8080105000129-0109,修繕積立金積立額,修繕積立金積立額,LC-00109,差額,PL,8080105000129,PL-2-4,0,修繕積立金積立額
kyoten4,concept,LC-00110,就労設備等積立金積立額,就労設備等積立金積立額,PL-K-AA,差額,PL,8080105000129,PL-2-4,0,就労設備等積立金積立額
kyoten4,instance,L-8080105000129-0110,就労設備等積立金積立額,就労設備等積立金積立額,LC-00110,差額,PL,8080105000129,PL-2-4,0,就労設備等積立金積立額
kyoten4,concept,LC-00111,車輛購入積立金積立額,車輛購入積立金積立額,PL-K-AA,差額,PL,8080105000129,PL-2-4,0,車輛購入積立金積立額
kyoten4,instance,L-8080105000129-0111,車輛購入積立金積立額,車輛購入積立金積立額,LC-00111,差額,PL,8080105000129,PL-2-4,0,車輛購入積立金積立額
kyoten4,concept,LC-00112,工賃変動積立金積立額,工賃変動積立金積立額,PL-K-AA,差額,PL,8080105000129,PL-2-4,0,工賃変動積立金積立額
kyoten4,instance,L-8080105000129-0112,工賃変動積立金積立額,工賃変動積立金積立額,LC-00112,差額,PL,8080105000129,PL-2-4,0,工賃変動積立金積立額
kyoten4,concept,LC-00113,備品積立金積立額,備品積立金積立額,PL-K-AA,差額,PL,8080105000129,PL-2-4,0,備品積立金積立額
kyoten4,instance,L-8080105000129-0113,備品積立金積立額,備品積立金積立額,LC-00113,差額,PL,8080105000129,PL-2-4,0,備品積立金積立額
kyoten4,concept,LC-00114,施設整備積立金積立額,施設整備積立金積立額,PL-K-AA,差額,PL,8080105000129,PL-2-4,0,施設整備積立金積立額
kyoten4,instance,L-8080105000129-0114,施設整備積立金積立額,施設整備積立金積立額,LC-00114,差額,PL,8080105000129,PL-2-4,0,施設整備積立金積立額
kyoten4,concept,LC-00001,現金預金,現金預金,BS-A-CUR-T,資産,BS,8080105000129,BS-3-4,0,現金預金
kyoten4,instance,L-8080105000129-0001,現金預金,現金預金,LC-00001,資産,BS,8080105000129,BS-3-4,0,現金預金
kyoten4,concept,LC-00002,定期預金,定期預金,BS-A-CUR-T,資産,BS,8080105000129,BS-3-4,0,定期預金
kyoten4,instance,L-8080105000129-0002,定期預金,定期預金,LC-00002,資産,BS,8080105000129,BS-3-4,0,定期預金
kyoten4,concept,LC-00003,事業未収金,事業未収金,BS-A-CUR-T,資産,BS,8080105000129,BS-3-4,0,事業未収金
kyoten4,instance,L-8080105000129-0003,事業未収金,事業未収金,LC-00003,資産,BS,8080105000129,BS-3-4,0,事業未収金
kyoten4,concept,LC-00004,未収金,未収金,BS-A-CUR-T,資産,BS,8080105000129,BS-3-4,0,未収金
kyoten4,instance,L-8080105000129-0004,未収金,未収金,LC-00004,資産,BS,8080105000129,BS-3-4,0,未収金
kyoten4,concept,LC-00005,未収補助金,未収補助金,BS-A-CUR-T,資産,BS,8080105000129,BS-3-4,0,未収補助金
kyoten4,instance,L-8080105000129-0005,未収補助金,未収補助金,LC-00005,資産,BS,8080105000129,BS-3-4,0,未収補助金
kyoten4,concept,LC-00006,立替金,立替金,BS-A-CUR-T,資産,BS,8080105000129,BS-3-4,0,立替金
kyoten4,instance,L-8080105000129-0006,立替金,立替金,LC-00006,資産,BS,8080105000129,BS-3-4,0,立替金
kyoten4,concept,LC-00007,前払費用,前払費用,BS-A-CUR-T,資産,BS,8080105000129,BS-3-4,0,前払費用
kyoten4,instance,L-8080105000129-0007,前払費用,前払費用,LC-00007,資産,BS,8080105000129,BS-3-4,0,前払費用
kyoten4,concept,LC-00008,年以内回収予定社会福祉連携推進業務長期貸付金,年以内回収予定社会福祉連携推進業務長期貸付金,BS-A-CUR-T,資産,BS,8080105000129,BS-3-4,0,年以内回収予定社会福祉連携推進業務長期貸付金
kyoten4,instance,L-8080105000129-0008,年以内回収予定社会福祉連携推進業務長期貸付金,年以内回収予定社会福祉連携推進業務長期貸付金,LC-00008,資産,BS,8080105000129,BS-3-4,0,年以内回収予定社会福祉連携推進業務長期貸付金
kyoten4,concept,LC-00009,社会福祉連携推進業務短期貸付金,社会福祉連携推進業務短期貸付金,BS-A-CUR-T,資産,BS,8080105000129,BS-3-4,0,社会福祉連携推進業務短期貸付金
kyoten4,instance,L-8080105000129-0009,社会福祉連携推進業務短期貸付金,社会福祉連携推進業務短期貸付金,LC-00009,資産,BS,8080105000129,BS-3-4,0,社会福祉連携推進業務短期貸付金
kyoten4,concept,LC-00010,短期貸付金,短期貸付金,BS-A-CUR-T,資産,BS,8080105000129,BS-3-4,0,短期貸付金
kyoten4,instance,L-8080105000129-0010,短期貸付金,短期貸付金,LC-00010,資産,BS,8080105000129,BS-3-4,0,短期貸付金
kyoten4,concept,LC-00011,事業区分間貸付金,事業区分間貸付金,BS-A-CUR-T,資産,BS,8080105000129,BS-3-4,0,事業区分間貸付金
kyoten4,instance,L-8080105000129-0011,事業区分間貸付金,事業区分間貸付金,LC-00011,資産,BS,8080105000129,BS-3-4,0,事業区分間貸付金
kyoten4,concept,LC-00012,仮払金,仮払金,BS-A-CUR-T,資産,BS,8080105000129,BS-3-4,0,仮払金
kyoten4,instance,L-8080105000129-0012,仮払金,仮払金,LC-00012,資産,BS,8080105000129,BS-3-4,0,仮払金
kyoten4,concept,LC-00013,その他の流動資産,その他の流動資産,BS-A-CUR-T,資産,BS,8080105000129,BS-3-4,0,その他の流動資産
kyoten4,instance,L-8080105000129-0013,その他の流動資産,その他の流動資産,LC-00013,資産,BS,8080105000129,BS-3-4,0,その他の流動資産
kyoten4,concept,LC-00014,貸倒引当金,貸倒引当金,BS-A-CUR-T,資産,BS,8080105000129,BS-3-4,0,貸倒引当金
kyoten4,instance,L-8080105000129-0014,貸倒引当金,貸倒引当金,LC-00014,資産,BS,8080105000129,BS-3-4,0,貸倒引当金
kyoten4,concept,LC-00015,土地,土地,BS-A-FIX-BASE-T,資産,BS,8080105000129,BS-3-4,0,土地
kyoten4,instance,L-8080105000129-0015,土地,土地,LC-00015,資産,BS,8080105000129,BS-3-4,0,土地
kyoten4,concept,LC-00016,建物,建物,BS-A-FIX-BASE-T,資産,BS,8080105000129,BS-3-4,0,建物
kyoten4,instance,L-8080105000129-0016,建物,建物,LC-00016,資産,BS,8080105000129,BS-3-4,0,建物
kyoten4,concept,LC-00017,定期預金,定期預金,BS-A-FIX-BASE-T,資産,BS,8080105000129,BS-3-4,0,定期預金
kyoten4,instance,L-8080105000129-0017,定期預金,定期預金,LC-00017,資産,BS,8080105000129,BS-3-4,0,定期預金
kyoten4,concept,LC-00018,車輛購入積立資産,車輛購入積立資産,BS-A-FIX-OTH-210,資産,BS,8080105000129,BS-3-4,0,車輛購入積立資産
kyoten4,instance,L-8080105000129-0018,車輛購入積立資産,車輛購入積立資産,LC-00018,資産,BS,8080105000129,BS-3-4,0,車輛購入積立資産
kyoten4,concept,LC-00019,工賃変動積立資産,工賃変動積立資産,BS-A-FIX-OTH-210,資産,BS,8080105000129,BS-3-4,0,工賃変動積立資産
kyoten4,instance,L-8080105000129-0019,工賃変動積立資産,工賃変動積立資産,LC-00019,資産,BS,8080105000129,BS-3-4,0,工賃変動積立資産
kyoten4,concept,LC-00020,備品積立資産,備品積立資産,BS-A-FIX-OTH-210,資産,BS,8080105000129,BS-3-4,0,備品積立資産
kyoten4,instance,L-8080105000129-0020,備品積立資産,備品積立資産,LC-00020,資産,BS,8080105000129,BS-3-4,0,備品積立資産
kyoten4,concept,LC-00021,施設整備積立資産,施設整備積立資産,BS-A-FIX-OTH-210,資産,BS,8080105000129,BS-3-4,0,施設整備積立資産
kyoten4,instance,L-8080105000129-0021,施設整備積立資産,施設整備積立資産,LC-00021,資産,BS,8080105000129,BS-3-4,0,施設整備積立資産
kyoten4,concept,LC-00022,土地,土地,BS-A-FIX-OTH-210,資産,BS,8080105000129,BS-3-4,0,土地
kyoten4,instance,L-8080105000129-0022,土地,土地,LC-00022,資産,BS,8080105000129,BS-3-4,0,土地
kyoten4,concept,LC-00023,建物,建物,BS-A-FIX-OTH-210,資産,BS,8080105000129,BS-3-4,0,建物
kyoten4,instance,L-8080105000129-0023,建物,建物,LC-00023,資産,BS,8080105000129,BS-3-4,0,建物
kyoten4,concept,LC-00024,構築物,構築物,BS-A-FIX-OTH-210,資産,BS,8080105000129,BS-3-4,0,構築物
kyoten4,instance,L-8080105000129-0024,構築物,構築物,LC-00024,資産,BS,8080105000129,BS-3-4,0,構築物
kyoten4,concept,LC-00025,機械及び装置,機械及び装置,BS-A-FIX-OTH-210,資産,BS,8080105000129,BS-3-4,0,機械及び装置
kyoten4,instance,L-8080105000129-0025,機械及び装置,機械及び装置,LC-00025,資産,BS,8080105000129,BS-3-4,0,機械及び装置
kyoten4,concept,LC-00026,車輌運搬具,車輌運搬具,BS-A-FIX-OTH-210,資産,BS,8080105000129,BS-3-4,0,車輌運搬具
kyoten4,instance,L-8080105000129-0026,車輌運搬具,車輌運搬具,LC-00026,資産,BS,8080105000129,BS-3-4,0,車輌運搬具
kyoten4,concept,LC-00027,器具及び備品,器具及び備品,BS-A-FIX-OTH-210,資産,BS,8080105000129,BS-3-4,0,器具及び備品
kyoten4,instance,L-8080105000129-0027,器具及び備品,器具及び備品,LC-00027,資産,BS,8080105000129,BS-3-4,0,器具及び備品
kyoten4,concept,LC-00028,建設仮勘定,建設仮勘定,BS-A-FIX-OTH-210,資産,BS,8080105000129,BS-3-4,0,建設仮勘定
kyoten4,instance,L-8080105000129-0028,建設仮勘定,建設仮勘定,LC-00028,資産,BS,8080105000129,BS-3-4,0,建設仮勘定
kyoten4,concept,LC-00029,有形リース資産,有形リース資産,BS-A-FIX-OTH-210,資産,BS,8080105000129,BS-3-4,0,有形リース資産
kyoten4,instance,L-8080105000129-0029,有形リース資産,有形リース資産,LC-00029,資産,BS,8080105000129,BS-3-4,0,有形リース資産
kyoten4,concept,LC-00030,権利,権利,BS-A-FIX-OTH-210,資産,BS,8080105000129,BS-3-4,0,権利
kyoten4,instance,L-8080105000129-0030,権利,権利,LC-00030,資産,BS,8080105000129,BS-3-4,0,権利
kyoten4,concept,LC-00031,ソフトウェア,ソフトウェア,BS-A-FIX-OTH-210,資産,BS,8080105000129,BS-3-4,0,ソフトウェア
kyoten4,instance,L-8080105000129-0031,ソフトウェア,ソフトウェア,LC-00031,資産,BS,8080105000129,BS-3-4,0,ソフトウェア
kyoten4,concept,LC-00032,社会福祉連携推進業務長期貸付金,社会福祉連携推進業務長期貸付金,BS-A-FIX-OTH-210,資産,BS,8080105000129,BS-3-4,0,社会福祉連携推進業務長期貸付金
kyoten4,instance,L-8080105000129-0032,社会福祉連携推進業務長期貸付金,社会福祉連携推進業務長期貸付金,LC-00032,資産,BS,8080105000129,BS-3-4,0,社会福祉連携推進業務長期貸付金
kyoten4,concept,LC-00033,退職給付引当資産,退職給付引当資産,BS-A-FIX-OTH-210,資産,BS,8080105000129,BS-3-4,0,退職給付引当資産
kyoten4,instance,L-8080105000129-0033,退職給付引当資産,退職給付引当資産,LC-00033,資産,BS,8080105000129,BS-3-4,0,退職給付引当資産
kyoten4,concept,LC-00034,移行時特別積立資産,移行時特別積立資産,BS-A-FIX-OTH-210,資産,BS,8080105000129,BS-3-4,0,移行時特別積立資産
kyoten4,instance,L-8080105000129-0034,移行時特別積立資産,移行時特別積立資産,LC-00034,資産,BS,8080105000129,BS-3-4,0,移行時特別積立資産
kyoten4,concept,LC-00035,修繕積立資産,修繕積立資産,BS-A-FIX-OTH-210,資産,BS,8080105000129,BS-3-4,0,修繕積立資産
kyoten4,instance,L-8080105000129-0035,修繕積立資産,修繕積立資産,LC-00035,資産,BS,8080105000129,BS-3-4,0,修繕積立資産
kyoten4,concept,LC-00036,就労設備等積立資産,就労設備等積立資産,BS-A-FIX-OTH-210,資産,BS,8080105000129,BS-3-4,0,就労設備等積立資産
kyoten4,instance,L-8080105000129-0036,就労設備等積立資産,就労設備等積立資産,LC-00036,資産,BS,8080105000129,BS-3-4,0,就労設備等積立資産
kyoten4,concept,LC-00037,長期前払費用,長期前払費用,BS-A-FIX-OTH-210,資産,BS,8080105000129,BS-3-4,0,長期前払費用
kyoten4,instance,L-8080105000129-0037,長期前払費用,長期前払費用,LC-00037,資産,BS,8080105000129,BS-3-4,0,長期前払費用
kyoten4,concept,LC-00038,その他の固定資産,その他の固定資産,BS-A-FIX-OTH-210,資産,BS,8080105000129,BS-3-4,0,その他の固定資産
kyoten4,instance,L-8080105000129-0038,その他の固定資産,その他の固定資産,LC-00038,資産,BS,8080105000129,BS-3-4,0,その他の固定資産
kyoten4,concept,LC-00039,貸倒引当金,貸倒引当金,BS-A-FIX-OTH-210,資産,BS,8080105000129,BS-3-4,0,貸倒引当金
kyoten4,instance,L-8080105000129-0039,貸倒引当金,貸倒引当金,LC-00039,資産,BS,8080105000129,BS-3-4,0,貸倒引当金
kyoten4,concept,LC-00040,短期運営資金借入金,短期運営資金借入金,BS-L-CUR-T,負債,BS,8080105000129,BS-3-4,0,短期運営資金借入金
kyoten4,instance,L-8080105000129-0040,短期運営資金借入金,短期運営資金借入金,LC-00040,負債,BS,8080105000129,BS-3-4,0,短期運営資金借入金
kyoten4,concept,LC-00041,事業未払金,事業未払金,BS-L-CUR-T,負債,BS,8080105000129,BS-3-4,0,事業未払金
kyoten4,instance,L-8080105000129-0041,事業未払金,事業未払金,LC-00041,負債,BS,8080105000129,BS-3-4,0,事業未払金
kyoten4,concept,LC-00042,その他の未払金,その他の未払金,BS-L-CUR-T,負債,BS,8080105000129,BS-3-4,0,その他の未払金
kyoten4,instance,L-8080105000129-0042,その他の未払金,その他の未払金,LC-00042,負債,BS,8080105000129,BS-3-4,0,その他の未払金
kyoten4,concept,LC-00043,社会福祉連携推進業務短期運営資金借入金,社会福祉連携推進業務短期運営資金借入金,BS-L-CUR-T,負債,BS,8080105000129,BS-3-4,0,社会福祉連携推進業務短期運営資金借入金
kyoten4,instance,L-8080105000129-0043,社会福祉連携推進業務短期運営資金借入金,社会福祉連携推進業務短期運営資金借入金,LC-00043,負債,BS,8080105000129,BS-3-4,0,社会福祉連携推進業務短期運営資金借入金
kyoten4,concept,LC-00044,年以内返済予定社会福祉連携推進業務設備資金借入金,年以内返済予定社会福祉連携推進業務設備資金借入金,BS-L-CUR-T,負債,BS,8080105000129,BS-3-4,0,年以内返済予定社会福祉連携推進業務設備資金借入金
kyoten4,instance,L-8080105000129-0044,年以内返済予定社会福祉連携推進業務設備資金借入金,年以内返済予定社会福祉連携推進業務設備資金借入金,LC-00044,負債,BS,8080105000129,BS-3-4,0,年以内返済予定社会福祉連携推進業務設備資金借入金
kyoten4,concept,LC-00045,年以内返済予定設備資金借入金,年以内返済予定設備資金借入金,BS-L-CUR-T,負債,BS,8080105000129,BS-3-4,0,年以内返済予定設備資金借入金
kyoten4,instance,L-8080105000129-0045,年以内返済予定設備資金借入金,年以内返済予定設備資金借入金,LC-00045,負債,BS,8080105000129,BS-3-4,0,年以内返済予定設備資金借入金
kyoten4,concept,LC-00046,年以内返済予定社会福祉連携推進業務長期運営資金借入金,年以内返済予定社会福祉連携推進業務長期運営資金借入金,BS-L-CUR-T,負債,BS,8080105000129,BS-3-4,0,年以内返済予定社会福祉連携推進業務長期運営資金借入金
kyoten4,instance,L-8080105000129-0046,年以内返済予定社会福祉連携推進業務長期運営資金借入金,年以内返済予定社会福祉連携推進業務長期運営資金借入金,LC-00046,負債,BS,8080105000129,BS-3-4,0,年以内返済予定社会福祉連携推進業務長期運営資金借入金
kyoten4,concept,LC-00047,年以内返済予定リース債務,年以内返済予定リース債務,BS-L-CUR-T,負債,BS,8080105000129,BS-3-4,0,年以内返済予定リース債務
kyoten4,instance,L-8080105000129-0047,年以内返済予定リース債務,年以内返済予定リース債務,LC-00047,負債,BS,8080105000129,BS-3-4,0,年以内返済予定リース債務
kyoten4,concept,LC-00048,未払費用,未払費用,BS-L-CUR-T,負債,BS,8080105000129,BS-3-4,0,未払費用
kyoten4,instance,L-8080105000129-0048,未払費用,未払費用,LC-00048,負債,BS,8080105000129,BS-3-4,0,未払費用
kyoten4,concept,LC-00049,預り金,預り金,BS-L-CUR-T,負債,BS,8080105000129,BS-3-4,0,預り金
kyoten4,instance,L-8080105000129-0049,預り金,預り金,LC-00049,負債,BS,8080105000129,BS-3-4,0,預り金
kyoten4,concept,LC-00050,職員預り金,職員預り金,BS-L-CUR-T,負債,BS,8080105000129,BS-3-4,0,職員預り金
kyoten4,instance,L-8080105000129-0050,職員預り金,職員預り金,LC-00050,負債,BS,8080105000129,BS-3-4,0,職員預り金
kyoten4,concept,LC-00051,前受金,前受金,BS-L-CUR-T,負債,BS,8080105000129,BS-3-4,0,前受金
kyoten4,instance,L-8080105000129-0051,前受金,前受金,LC-00051,負債,BS,8080105000129,BS-3-4,0,前受金
kyoten4,concept,LC-00052,事業区分間借入金,事業区分間借入金,BS-L-CUR-T,負債,BS,8080105000129,BS-3-4,0,事業区分間借入金
kyoten4,instance,L-8080105000129-0052,事業区分間借入金,事業区分間借入金,LC-00052,負債,BS,8080105000129,BS-3-4,0,事業区分間借入金
kyoten4,concept,LC-00053,仮受金,仮受金,BS-L-CUR-T,負債,BS,8080105000129,BS-3-4,0,仮受金
kyoten4,instance,L-8080105000129-0053,仮受金,仮受金,LC-00053,負債,BS,8080105000129,BS-3-4,0,仮受金
kyoten4,concept,LC-00054,賞与引当金,賞与引当金,BS-L-CUR-T,負債,BS,8080105000129,BS-3-4,0,賞与引当金
kyoten4,instance,L-8080105000129-0054,賞与引当金,賞与引当金,LC-00054,負債,BS,8080105000129,BS-3-4,0,賞与引当金
kyoten4,concept,LC-00055,その他の流動負債,その他の流動負債,BS-L-CUR-T,負債,BS,8080105000129,BS-3-4,0,その他の流動負債
kyoten4,instance,L-8080105000129-0055,その他の流動負債,その他の流動負債,LC-00055,負債,BS,8080105000129,BS-3-4,0,その他の流動負債
kyoten4,concept,LC-00056,社会福祉連携推進業務設備資金借入金,社会福祉連携推進業務設備資金借入金,BS-L-FIX-T,負債,BS,8080105000129,BS-3-4,0,社会福祉連携推進業務設備資金借入金
kyoten4,instance,L-8080105000129-0056,社会福祉連携推進業務設備資金借入金,社会福祉連携推進業務設備資金借入金,LC-00056,負債,BS,8080105000129,BS-3-4,0,社会福祉連携推進業務設備資金借入金
kyoten4,concept,LC-00057,設備資金借入金,設備資金借入金,BS-L-FIX-T,負債,BS,8080105000129,BS-3-4,0,設備資金借入金
kyoten4,instance,L-8080105000129-0057,設備資金借入金,設備資金借入金,LC-00057,負債,BS,8080105000129,BS-3-4,0,設備資金借入金
kyoten4,concept,LC-00058,社会福祉連携推進業務長期運営資金借入金,社会福祉連携推進業務長期運営資金借入金,BS-L-FIX-T,負債,BS,8080105000129,BS-3-4,0,社会福祉連携推進業務長期運営資金借入金
kyoten4,instance,L-8080105000129-0058,社会福祉連携推進業務長期運営資金借入金,社会福祉連携推進業務長期運営資金借入金,LC-00058,負債,BS,8080105000129,BS-3-4,0,社会福祉連携推進業務長期運営資金借入金
kyoten4,concept,LC-00059,リース債務,リース債務,BS-L-FIX-T,負債,BS,8080105000129,BS-3-4,0,リース債務
kyoten4,instance,L-8080105000129-0059,リース債務,リース債務,LC-00059,負債,BS,8080105000129,BS-3-4,0,リース債務
kyoten4,concept,LC-00060,退職給付引当金,退職給付引当金,BS-L-FIX-T,負債,BS,8080105000129,BS-3-4,0,退職給付引当金
kyoten4,instance,L-8080105000129-0060,退職給付引当金,退職給付引当金,LC-00060,負債,BS,8080105000129,BS-3-4,0,退職給付引当金
kyoten4,concept,LC-00061,その他の固定負債,その他の固定負債,BS-L-FIX-T,負債,BS,8080105000129,BS-3-4,0,その他の固定負債
kyoten4,instance,L-8080105000129-0061,その他の固定負債,その他の固定負債,LC-00061,負債,BS,8080105000129,BS-3-4,0,その他の固定負債
kyoten4,concept,LC-00062,移行時特別積立金,移行時特別積立金,BS-N-OTH-T,純資産,BS,8080105000129,BS-3-4,0,移行時特別積立金
kyoten4,instance,L-8080105000129-0062,移行時特別積立金,移行時特別積立金,LC-00062,純資産,BS,8080105000129,BS-3-4,0,移行時特別積立金
kyoten4,concept,LC-00063,修繕積立金,修繕積立金,BS-N-OTH-T,純資産,BS,8080105000129,BS-3-4,0,修繕積立金
kyoten4,instance,L-8080105000129-0063,修繕積立金,修繕積立金,LC-00063,純資産,BS,8080105000129,BS-3-4,0,修繕積立金
kyoten4,concept,LC-00064,就労設備等積立金,就労設備等積立金,BS-N-OTH-T,純資産,BS,8080105000129,BS-3-4,0,就労設備等積立金
kyoten4,instance,L-8080105000129-0064,就労設備等積立金,就労設備等積立金,LC-00064,純資産,BS,8080105000129,BS-3-4,0,就労設備等積立金
kyoten4,concept,LC-00065,車輛購入積立金,車輛購入積立金,BS-N-OTH-T,純資産,BS,8080105000129,BS-3-4,0,車輛購入積立金
kyoten4,instance,L-8080105000129-0065,車輛購入積立金,車輛購入積立金,LC-00065,純資産,BS,8080105000129,BS-3-4,0,車輛購入積立金
kyoten4,concept,LC-00066,工賃変動積立金,工賃変動積立金,BS-N-OTH-T,純資産,BS,8080105000129,BS-3-4,0,工賃変動積立金
kyoten4,instance,L-8080105000129-0066,工賃変動積立金,工賃変動積立金,LC-00066,純資産,BS,8080105000129,BS-3-4,0,工賃変動積立金
kyoten4,concept,LC-00067,備品積立金,備品積立金,BS-N-OTH-T,純資産,BS,8080105000129,BS-3-4,0,備品積立金
kyoten4,instance,L-8080105000129-0067,備品積立金,備品積立金,LC-00067,純資産,BS,8080105000129,BS-3-4,0,備品積立金
kyoten4,concept,LC-00068,施設整備積立金,施設整備積立金,BS-N-OTH-T,純資産,BS,8080105000129,BS-3-4,0,施設整備積立金
kyoten4,instance,L-8080105000129-0068,施設整備積立金,施設整備積立金,LC-00068,純資産,BS,8080105000129,BS-3-4,0,施設整備積立金
